date,global_demand_kbpd
2020-01-04,78599.2
2020-01-05,79282.3
2020-01-06,80911.9
2020-01-07,80584.3
2020-01-08,82200.8
2020-01-09,80507.59999999999
2020-01-10,81237.9
2020-01-11,78391.8
2020-01-12,78350.8
2020-01-13,81155.1
2020-01-14,79655.9
2020-01-15,82073.3
2020-01-16,80762.9
2020-01-17,79869.2
2020-01-18,78257.0
2020-01-19,79301.5
2020-01-20,81537.6
2020-01-21,81216.0
2020-01-22,80716.2
2020-01-23,81284.7
2020-01-24,80445.8
2020-01-25,78794.1
2020-01-26,78270.5
2020-01-27,81371.0
2020-01-28,81573.8
2020-01-29,80467.6
2020-01-30,80563.5
2020-01-31,81140.6
2020-02-01,77720.1
2020-02-02,76971.5
2020-02-03,80065.3
2020-02-04,80052.9
2020-02-05,81131.9
2020-02-06,81025.3
2020-02-07,79923.8
2020-02-08,78004.0
2020-02-09,78196.5
2020-02-10,80199.7
2020-02-11,79524.2
2020-02-12,80085.8
2020-02-13,78489.3
2020-02-14,80181.3
2020-02-15,77698.6
2020-02-16,78472.3
2020-02-17,79563.1
2020-02-18,79315.9
2020-02-19,79267.8
2020-02-20,80257.9
2020-02-21,79638.4
2020-02-22,77719.8
2020-02-23,78941.6
2020-02-24,79401.6
2020-02-25,80218.7
2020-02-26,80643.1
2020-02-27,79831.7
2020-02-28,81577.0
2020-02-29,78574.1
2020-03-01,76248.1
2020-03-02,78206.7
2020-03-03,77531.4
2020-03-04,79667.6
2020-03-05,79167.4
2020-03-06,77979.2
2020-03-07,76381.90000000001
2020-03-08,76856.3
2020-03-09,78306.3
2020-03-10,78877.6
2020-03-11,79387.6
2020-03-12,78625.5
2020-03-13,80248.9
2020-03-14,75331.3
2020-03-15,75734.0
2020-03-16,78217.7
2020-03-17,78420.6
2020-03-18,78850.9
2020-03-19,80299.90000000001
2020-03-20,79087.6
2020-03-21,77327.8
2020-03-22,77072.0
2020-03-23,77200.0
2020-03-24,79083.7
2020-03-25,78480.9
2020-03-26,79536.3
2020-03-27,78669.7
2020-03-28,76482.9
2020-03-29,76217.8
2020-03-30,78707.5
2020-03-31,78636.9
2020-04-01,76410.2
2020-04-02,77253.9
2020-04-03,76302.1
2020-04-04,75261.0
2020-04-05,74644.5
2020-04-06,77535.2
2020-04-07,76896.8
2020-04-08,77403.1
2020-04-09,76925.8
2020-04-10,76676.9
2020-04-11,74138.0
2020-04-12,74316.59999999999
2020-04-13,77674.8
2020-04-14,76710.6
2020-04-15,75928.2
2020-04-16,76469.7
2020-04-17,77038.7
2020-04-18,74604.0
2020-04-19,75186.7
2020-04-20,76424.40000000001
2020-04-21,76428.3
2020-04-22,77137.8
2020-04-23,77132.5
2020-04-24,76581.59999999999
2020-04-25,75012.4
2020-04-26,75126.4
2020-04-27,77293.9
2020-04-28,76893.8
2020-04-29,76747.8
2020-04-30,76129.0
2020-05-01,77234.7
2020-05-02,75293.6
2020-05-03,76115.5
2020-05-04,78390.5
2020-05-05,78945.8
2020-05-06,77391.90000000001
2020-05-07,76825.0
2020-05-08,77759.6
2020-05-09,75835.3
2020-05-10,75578.2
2020-05-11,77716.1
2020-05-12,79286.3
2020-05-13,77616.9
2020-05-14,78004.0
2020-05-15,77938.3
2020-05-16,76408.09999999999
2020-05-17,74381.09999999999
2020-05-18,76826.7
2020-05-19,78022.09999999999
2020-05-20,77569.8
2020-05-21,78088.9
2020-05-22,78068.6
2020-05-23,76630.7
2020-05-24,76482.4
2020-05-25,77886.9
2020-05-26,79112.9
2020-05-27,77004.2
2020-05-28,78236.6
2020-05-29,77973.0
2020-05-30,76034.7
2020-05-31,75803.3
2020-06-01,81244.5
2020-06-02,81931.5
2020-06-03,81021.7
2020-06-04,81558.09999999999
2020-06-05,81908.3
2020-06-06,78364.0
2020-06-07,79669.1
2020-06-08,81404.8
2020-06-09,80879.5
2020-06-10,81734.2
2020-06-11,81623.8
2020-06-12,81966.4
2020-06-13,79985.5
2020-06-14,79191.2
2020-06-15,80422.0
2020-06-16,82385.7
2020-06-17,81462.4
2020-06-18,81592.59999999999
2020-06-19,82766.1
2020-06-20,79883.0
2020-06-21,79735.5
2020-06-22,81220.6
2020-06-23,81655.9
2020-06-24,80954.7
2020-06-25,82912.9
2020-06-26,81243.0
2020-06-27,79039.9
2020-06-28,78615.5
2020-06-29,81142.6
2020-06-30,81120.5
2020-07-01,82971.4
2020-07-02,83640.7
2020-07-03,83063.0
2020-07-04,80256.6
2020-07-05,79978.4
2020-07-06,84254.4
2020-07-07,84556.4
2020-07-08,83708.7
2020-07-09,84433.6
2020-07-10,82958.9
2020-07-11,80652.7
2020-07-12,81401.3
2020-07-13,83994.2
2020-07-14,82536.3
2020-07-15,84375.3
2020-07-16,83320.5
2020-07-17,83795.3
2020-07-18,81275.2
2020-07-19,81141.0
2020-07-20,83220.6
2020-07-21,82945.90000000001
2020-07-22,83501.2
2020-07-23,83136.7
2020-07-24,84415.40000000001
2020-07-25,81510.9
2020-07-26,81811.9
2020-07-27,83884.4
2020-07-28,83588.6
2020-07-29,83224.3
2020-07-30,84624.8
2020-07-31,82920.0
2020-08-01,81216.9
2020-08-02,79623.4
2020-08-03,83608.4
2020-08-04,81888.5
2020-08-05,84792.3
2020-08-06,82711.4
2020-08-07,82328.40000000001
2020-08-08,80579.09999999999
2020-08-09,79624.3
2020-08-10,82585.2
2020-08-11,83325.1
2020-08-12,81398.9
2020-08-13,82234.9
2020-08-14,82928.0
2020-08-15,80577.0
2020-08-16,79845.4
2020-08-17,82626.8
2020-08-18,83644.6
2020-08-19,83271.3
2020-08-20,83244.4
2020-08-21,82621.0
2020-08-22,80597.6
2020-08-23,80751.4
2020-08-24,83315.1
2020-08-25,83011.8
2020-08-26,82883.2
2020-08-27,83323.9
2020-08-28,82813.0
2020-08-29,80484.2
2020-08-30,80366.7
2020-08-31,82867.2
2020-09-01,78512.0
2020-09-02,78598.1
2020-09-03,77927.7
2020-09-04,78442.3
2020-09-05,76923.5
2020-09-06,76249.0
2020-09-07,78473.8
2020-09-08,78341.3
2020-09-09,78993.0
2020-09-10,79153.9
2020-09-11,80094.0
2020-09-12,76715.4
2020-09-13,76067.7
2020-09-14,78608.2
2020-09-15,77471.5
2020-09-16,78999.2
2020-09-17,78837.9
2020-09-18,79552.1
2020-09-19,76727.5
2020-09-20,77591.0
2020-09-21,77992.2
2020-09-22,79100.5
2020-09-23,78929.09999999999
2020-09-24,78510.4
2020-09-25,78267.2
2020-09-26,76650.0
2020-09-27,76779.0
2020-09-28,79968.9
2020-09-29,78383.2
2020-09-30,78299.40000000001
2020-10-01,77103.1
2020-10-02,77053.2
2020-10-03,74523.0
2020-10-04,75814.7
2020-10-05,77695.3
2020-10-06,77711.3
2020-10-07,77335.9
2020-10-08,77122.2
2020-10-09,76854.0
2020-10-10,74852.4
2020-10-11,74653.0
2020-10-12,76165.4
2020-10-13,78055.1
2020-10-14,76727.5
2020-10-15,77599.8
2020-10-16,76490.7
2020-10-17,76059.4
2020-10-18,74748.4
2020-10-19,76978.6
2020-10-20,77087.1
2020-10-21,77420.5
2020-10-22,76796.6
2020-10-23,77295.8
2020-10-24,74378.8
2020-10-25,74160.90000000001
2020-10-26,75932.3
2020-10-27,78692.7
2020-10-28,77344.2
2020-10-29,76749.9
2020-10-30,76698.3
2020-10-31,75623.3
2020-11-01,75490.5
2020-11-02,77430.7
2020-11-03,78014.9
2020-11-04,77885.8
2020-11-05,77593.9
2020-11-06,77586.4
2020-11-07,75254.90000000001
2020-11-08,75820.7
2020-11-09,77304.2
2020-11-10,78063.0
2020-11-11,77344.3
2020-11-12,77580.5
2020-11-13,77556.8
2020-11-14,75855.2
2020-11-15,75106.0
2020-11-16,77674.8
2020-11-17,77895.3
2020-11-18,77935.9
2020-11-19,77386.8
2020-11-20,77991.4
2020-11-21,75591.6
2020-11-22,76160.9
2020-11-23,78617.2
2020-11-24,77629.3
2020-11-25,78132.9
2020-11-26,76383.5
2020-11-27,76926.5
2020-11-28,76083.3
2020-11-29,75876.0
2020-11-30,78045.0
2020-12-01,82451.6
2020-12-02,82796.7
2020-12-03,82265.5
2020-12-04,83252.4
2020-12-05,78079.1
2020-12-06,79645.6
2020-12-07,81721.0
2020-12-08,82625.2
2020-12-09,81907.3
2020-12-10,81181.2
2020-12-11,81493.0
2020-12-12,79795.3
2020-12-13,79497.8
2020-12-14,81339.4
2020-12-15,81439.5
2020-12-16,82002.2
2020-12-17,81605.5
2020-12-18,81597.7
2020-12-19,78796.2
2020-12-20,79602.40000000001
2020-12-21,81935.8
2020-12-22,82970.8
2020-12-23,82142.9
2020-12-24,80731.1
2020-12-25,82153.2
2020-12-26,80702.90000000001
2020-12-27,81117.3
2020-12-28,81281.0
2020-12-29,82271.4
2020-12-30,81641.0
2020-12-31,82281.3
2021-01-01,81222.6
2021-01-02,79945.7
2021-01-03,79263.4
2021-01-04,80913.7
2021-01-05,81349.3
2021-01-06,82063.4
2021-01-07,82440.09999999999
2021-01-08,82614.3
2021-01-09,80848.2
2021-01-10,79378.5
2021-01-11,81437.3
2021-01-12,80372.59999999999
2021-01-13,82044.09999999999
2021-01-14,83292.0
2021-01-15,81522.8
2021-01-16,80723.6
2021-01-17,80760.3
2021-01-18,82810.2
2021-01-19,81821.4
2021-01-20,81882.8
2021-01-21,81750.09999999999
2021-01-22,82969.9
2021-01-23,80227.5
2021-01-24,79712.7
2021-01-25,81103.6
2021-01-26,82512.4
2021-01-27,81413.0
2021-01-28,82578.09999999999
2021-01-29,82350.5
2021-01-30,81024.0
2021-01-31,79826.1
2021-02-01,79631.3
2021-02-02,81421.7
2021-02-03,81626.2
2021-02-04,82356.4
2021-02-05,80611.5
2021-02-06,78898.3
2021-02-07,78708.0
2021-02-08,81296.0
2021-02-09,82214.6
2021-02-10,80652.1
2021-02-11,82018.7
2021-02-12,82184.5
2021-02-13,78589.3
2021-02-14,78779.4
2021-02-15,81316.6
2021-02-16,80064.0
2021-02-17,81339.4
2021-02-18,81516.5
2021-02-19,80028.1
2021-02-20,78406.4
2021-02-21,79990.9
2021-02-22,81687.8
2021-02-23,82282.0
2021-02-24,79679.6
2021-02-25,81420.0
2021-02-26,81241.9
2021-02-27,78507.2
2021-02-28,78317.7
2021-03-01,79214.09999999999
2021-03-02,78941.2
2021-03-03,79502.40000000001
2021-03-04,79912.8
2021-03-05,78905.8
2021-03-06,76747.6
2021-03-07,76685.4
2021-03-08,79168.8
2021-03-09,80035.9
2021-03-10,78698.09999999999
2021-03-11,79346.5
2021-03-12,78608.5
2021-03-13,77410.9
2021-03-14,78455.7
2021-03-15,79549.0
2021-03-16,80408.59999999999
2021-03-17,79558.7
2021-03-18,79675.5
2021-03-19,79065.8
2021-03-20,77982.2
2021-03-21,77159.8
2021-03-22,79647.7
2021-03-23,79467.8
2021-03-24,79641.09999999999
2021-03-25,80075.4
2021-03-26,80512.2
2021-03-27,77310.0
2021-03-28,77673.0
2021-03-29,79111.5
2021-03-30,79019.90000000001
2021-03-31,79276.9
2021-04-01,78185.90000000001
2021-04-02,77168.7
2021-04-03,75091.7
2021-04-04,75046.1
2021-04-05,77609.3
2021-04-06,76277.3
2021-04-07,78516.7
2021-04-08,77773.2
2021-04-09,78554.5
2021-04-10,76426.59999999999
2021-04-11,74732.4
2021-04-12,78028.59999999999
2021-04-13,77440.9
2021-04-14,78193.1
2021-04-15,78955.5
2021-04-16,77284.7
2021-04-17,76534.2
2021-04-18,76988.4
2021-04-19,78513.3
2021-04-20,78427.0
2021-04-21,77468.9
2021-04-22,77435.3
2021-04-23,78701.2
2021-04-24,75404.40000000001
2021-04-25,75489.8
2021-04-26,78244.0
2021-04-27,76581.7
2021-04-28,77558.1
2021-04-29,79454.5
2021-04-30,78190.2
2021-05-01,76655.5
2021-05-02,76199.5
2021-05-03,78627.5
2021-05-04,78173.5
2021-05-05,78489.7
2021-05-06,78687.0
2021-05-07,79310.7
2021-05-08,77563.5
2021-05-09,75257.9
2021-05-10,78187.4
2021-05-11,78607.8
2021-05-12,78578.1
2021-05-13,78717.8
2021-05-14,78259.2
2021-05-15,77340.6
2021-05-16,76981.9
2021-05-17,78963.4
2021-05-18,78492.2
2021-05-19,78795.2
2021-05-20,78196.6
2021-05-21,79587.9
2021-05-22,74758.3
2021-05-23,76854.8
2021-05-24,78572.5
2021-05-25,79370.4
2021-05-26,78523.6
2021-05-27,78711.4
2021-05-28,79304.7
2021-05-29,76550.5
2021-05-30,77800.7
2021-05-31,78545.90000000001
2021-06-01,82545.2
2021-06-02,82276.1
2021-06-03,83605.0
2021-06-04,83314.5
2021-06-05,79578.7
2021-06-06,80513.6
2021-06-07,83737.5
2021-06-08,83192.1
2021-06-09,81914.0
2021-06-10,82311.0
2021-06-11,83886.5
2021-06-12,80719.5
2021-06-13,81038.8
2021-06-14,82967.1
2021-06-15,83611.4
2021-06-16,83156.3
2021-06-17,82350.6
2021-06-18,82647.7
2021-06-19,80471.9
2021-06-20,80065.2
2021-06-21,81815.5
2021-06-22,83182.90000000001
2021-06-23,82649.59999999999
2021-06-24,82702.5
2021-06-25,83762.6
2021-06-26,80658.7
2021-06-27,81410.5
2021-06-28,82854.9
2021-06-29,82767.2
2021-06-30,83491.40000000001
2021-07-01,84629.8
2021-07-02,85073.8
2021-07-03,80832.7
2021-07-04,80776.4
2021-07-05,84786.7
2021-07-06,85244.9
2021-07-07,84745.1
2021-07-08,84329.2
2021-07-09,83840.6
2021-07-10,82966.7
2021-07-11,82669.8
2021-07-12,84329.8
2021-07-13,83906.5
2021-07-14,84602.0
2021-07-15,84026.1
2021-07-16,84852.7
2021-07-17,81649.4
2021-07-18,81776.9
2021-07-19,83114.3
2021-07-20,85573.0
2021-07-21,85224.7
2021-07-22,84024.1
2021-07-23,84776.8
2021-07-24,81112.40000000001
2021-07-25,81949.2
2021-07-26,84482.9
2021-07-27,84198.5
2021-07-28,84277.3
2021-07-29,84567.2
2021-07-30,83996.4
2021-07-31,82070.9
2021-08-01,81251.8
2021-08-02,83642.0
2021-08-03,82681.40000000001
2021-08-04,82642.5
2021-08-05,83831.0
2021-08-06,83103.4
2021-08-07,82246.9
2021-08-08,81146.6
2021-08-09,83233.7
2021-08-10,82253.9
2021-08-11,83327.9
2021-08-12,84311.6
2021-08-13,83776.7
2021-08-14,81498.2
2021-08-15,80358.0
2021-08-16,83985.2
2021-08-17,83631.1
2021-08-18,83330.7
2021-08-19,83716.3
2021-08-20,83512.4
2021-08-21,82189.1
2021-08-22,82162.4
2021-08-23,83959.6
2021-08-24,84168.1
2021-08-25,82840.59999999999
2021-08-26,83928.6
2021-08-27,82767.7
2021-08-28,80622.6
2021-08-29,82511.3
2021-08-30,82932.3
2021-08-31,83394.4
2021-09-01,79645.3
2021-09-02,78133.1
2021-09-03,80146.6
2021-09-04,76682.3
2021-09-05,77367.3
2021-09-06,79522.6
2021-09-07,80180.8
2021-09-08,78260.7
2021-09-09,79802.5
2021-09-10,78437.0
2021-09-11,76231.8
2021-09-12,77670.8
2021-09-13,79348.5
2021-09-14,79998.40000000001
2021-09-15,79616.1
2021-09-16,80134.5
2021-09-17,80301.3
2021-09-18,77186.1
2021-09-19,77057.6
2021-09-20,79517.1
2021-09-21,79314.7
2021-09-22,80586.7
2021-09-23,80391.2
2021-09-24,79982.4
2021-09-25,76963.1
2021-09-26,77325.09999999999
2021-09-27,79836.3
2021-09-28,80023.4
2021-09-29,80184.9
2021-09-30,78690.9
2021-10-01,78373.2
2021-10-02,76565.1
2021-10-03,76396.6
2021-10-04,77803.3
2021-10-05,78787.2
2021-10-06,76903.2
2021-10-07,77654.3
2021-10-08,78923.1
2021-10-09,75559.2
2021-10-10,76323.1
2021-10-11,77847.8
2021-10-12,78037.3
2021-10-13,77771.7
2021-10-14,78241.9
2021-10-15,78760.8
2021-10-16,74484.1
2021-10-17,76397.8
2021-10-18,77510.3
2021-10-19,78041.5
2021-10-20,77420.2
2021-10-21,78821.3
2021-10-22,77784.8
2021-10-23,75540.4
2021-10-24,76003.4
2021-10-25,77941.3
2021-10-26,77725.6
2021-10-27,77380.6
2021-10-28,78339.3
2021-10-29,78118.3
2021-10-30,75830.0
2021-10-31,76468.7
2021-11-01,79062.8
2021-11-02,79241.2
2021-11-03,78814.40000000001
2021-11-04,79204.8
2021-11-05,80015.3
2021-11-06,76723.7
2021-11-07,76386.5
2021-11-08,79143.3
2021-11-09,77734.8
2021-11-10,77448.1
2021-11-11,79356.20000000001
2021-11-12,79561.7
2021-11-13,76415.1
2021-11-14,76597.4
2021-11-15,78977.7
2021-11-16,78893.40000000001
2021-11-17,79950.5
2021-11-18,77935.4
2021-11-19,77787.5
2021-11-20,75869.1
2021-11-21,76023.4
2021-11-22,79316.6
2021-11-23,78190.9
2021-11-24,78653.5
2021-11-25,78450.6
2021-11-26,78807.0
2021-11-27,76521.3
2021-11-28,76263.9
2021-11-29,79223.8
2021-11-30,78068.1
2021-12-01,82719.3
2021-12-02,82389.2
2021-12-03,82730.8
2021-12-04,80279.3
2021-12-05,80330.9
2021-12-06,81964.1
2021-12-07,83039.7
2021-12-08,83504.6
2021-12-09,82357.4
2021-12-10,83696.0
2021-12-11,79401.8
2021-12-12,81772.3
2021-12-13,83074.2
2021-12-14,82688.5
2021-12-15,82429.3
2021-12-16,82142.2
2021-12-17,83857.90000000001
2021-12-18,79555.6
2021-12-19,80236.0
2021-12-20,83540.5
2021-12-21,82245.0
2021-12-22,82249.5
2021-12-23,82915.09999999999
2021-12-24,82171.7
2021-12-25,80462.4
2021-12-26,79903.7
2021-12-27,81846.6
2021-12-28,82249.7
2021-12-29,83728.0
2021-12-30,83245.6
2021-12-31,81767.4
2022-01-01,80344.2
2022-01-02,80572.6
2022-01-03,82889.2
2022-01-04,83134.9
2022-01-05,82924.5
2022-01-06,82773.5
2022-01-07,82825.8
2022-01-08,81051.0
2022-01-09,79848.6
2022-01-10,82292.0
2022-01-11,82743.1
2022-01-12,82886.7
2022-01-13,83064.0
2022-01-14,83218.4
2022-01-15,80865.8
2022-01-16,80162.3
2022-01-17,84245.0
2022-01-18,82828.3
2022-01-19,83008.7
2022-01-20,84213.4
2022-01-21,82882.2
2022-01-22,80487.59999999999
2022-01-23,81410.5
2022-01-24,83595.1
2022-01-25,82401.59999999999
2022-01-26,82707.2
2022-01-27,82028.6
2022-01-28,82940.7
2022-01-29,80286.3
2022-01-30,80664.3
2022-01-31,83370.9
2022-02-01,81079.9
2022-02-02,82115.4
2022-02-03,82478.1
2022-02-04,81252.6
2022-02-05,79198.5
2022-02-06,80211.59999999999
2022-02-07,79765.5
2022-02-08,82528.1
2022-02-09,81332.6
2022-02-10,81509.2
2022-02-11,81286.9
2022-02-12,79941.8
2022-02-13,80135.90000000001
2022-02-14,82123.2
2022-02-15,81507.9
2022-02-16,81951.9
2022-02-17,81205.0
2022-02-18,81926.0
2022-02-19,79712.3
2022-02-20,80425.2
2022-02-21,82436.0
2022-02-22,82928.5
2022-02-23,82278.7
2022-02-24,82675.9
2022-02-25,82014.8
2022-02-26,80327.9
2022-02-27,80741.5
2022-02-28,81575.3
2022-03-01,81412.7
2022-03-02,79883.5
2022-03-03,81300.9
2022-03-04,80095.0
2022-03-05,79283.3
2022-03-06,77931.6
2022-03-07,80151.0
2022-03-08,79839.8
2022-03-09,79816.6
2022-03-10,80795.40000000001
2022-03-11,79827.6
2022-03-12,78933.9
2022-03-13,79404.3
2022-03-14,80038.4
2022-03-15,80996.1
2022-03-16,80880.8
2022-03-17,81125.0
2022-03-18,80850.9
2022-03-19,78274.2
2022-03-20,78656.2
2022-03-21,80048.8
2022-03-22,80999.90000000001
2022-03-23,80637.1
2022-03-24,80775.9
2022-03-25,80251.2
2022-03-26,77871.59999999999
2022-03-27,77595.5
2022-03-28,81212.0
2022-03-29,81005.9
2022-03-30,81029.5
2022-03-31,80428.2
2022-04-01,77843.0
2022-04-02,76786.1
2022-04-03,76765.7
2022-04-04,79203.4
2022-04-05,79716.9
2022-04-06,78175.7
2022-04-07,79543.7
2022-04-08,78820.9
2022-04-09,76843.8
2022-04-10,76810.4
2022-04-11,78806.7
2022-04-12,78287.0
2022-04-13,79351.3
2022-04-14,79601.2
2022-04-15,79377.6
2022-04-16,76547.3
2022-04-17,76874.9
2022-04-18,79073.4
2022-04-19,79126.2
2022-04-20,79554.09999999999
2022-04-21,78573.6
2022-04-22,78802.7
2022-04-23,77621.5
2022-04-24,75407.0
2022-04-25,78745.7
2022-04-26,77956.6
2022-04-27,78967.4
2022-04-28,79237.8
2022-04-29,78594.1
2022-04-30,77105.0
2022-05-01,77541.8
2022-05-02,80790.1
2022-05-03,78999.1
2022-05-04,79090.6
2022-05-05,79562.8
2022-05-06,80032.6
2022-05-07,76625.3
2022-05-08,77529.2
2022-05-09,79858.4
2022-05-10,78955.0
2022-05-11,79088.59999999999
2022-05-12,80240.1
2022-05-13,80441.9
2022-05-14,78449.8
2022-05-15,76574.09999999999
2022-05-16,80264.9
2022-05-17,79854.7
2022-05-18,80342.4
2022-05-19,80018.0
2022-05-20,80391.3
2022-05-21,77008.5
2022-05-22,77084.4
2022-05-23,80377.90000000001
2022-05-24,79750.5
2022-05-25,79128.4
2022-05-26,78603.7
2022-05-27,79307.3
2022-05-28,77093.6
2022-05-29,77894.9
2022-05-30,80205.8
2022-05-31,78090.4
2022-06-01,82877.5
2022-06-02,85141.3
2022-06-03,83771.5
2022-06-04,81431.59999999999
2022-06-05,81719.2
2022-06-06,84748.4
2022-06-07,84120.5
2022-06-08,82900.7
2022-06-09,83866.40000000001
2022-06-10,83020.3
2022-06-11,80332.5
2022-06-12,81823.1
2022-06-13,83842.5
2022-06-14,84264.9
2022-06-15,83679.1
2022-06-16,83143.6
2022-06-17,83781.0
2022-06-18,80926.0
2022-06-19,81323.4
2022-06-20,84058.8
2022-06-21,84399.6
2022-06-22,83826.0
2022-06-23,85241.5
2022-06-24,83230.1
2022-06-25,81751.1
2022-06-26,80417.6
2022-06-27,84352.9
2022-06-28,83623.9
2022-06-29,84495.9
2022-06-30,83705.4
2022-07-01,85406.5
2022-07-02,82333.0
2022-07-03,83221.5
2022-07-04,84906.1
2022-07-05,85670.1
2022-07-06,85337.3
2022-07-07,84607.7
2022-07-08,85981.4
2022-07-09,84460.1
2022-07-10,83332.5
2022-07-11,85025.1
2022-07-12,85722.2
2022-07-13,83641.7
2022-07-14,84553.7
2022-07-15,86008.3
2022-07-16,83096.5
2022-07-17,83177.1
2022-07-18,85737.1
2022-07-19,86345.9
2022-07-20,85128.20000000001
2022-07-21,85412.2
2022-07-22,85666.6
2022-07-23,83194.5
2022-07-24,83337.4
2022-07-25,85292.40000000001
2022-07-26,83886.6
2022-07-27,85106.8
2022-07-28,85509.3
2022-07-29,85147.5
2022-07-30,83627.8
2022-07-31,83518.0
2022-08-01,85160.3
2022-08-02,85141.9
2022-08-03,84687.0
2022-08-04,83710.3
2022-08-05,84564.9
2022-08-06,82328.3
2022-08-07,82382.6
2022-08-08,83507.6
2022-08-09,84454.5
2022-08-10,85257.4
2022-08-11,83493.2
2022-08-12,85122.1
2022-08-13,82230.7
2022-08-14,82257.9
2022-08-15,85155.8
2022-08-16,84458.5
2022-08-17,84810.3
2022-08-18,86022.09999999999
2022-08-19,85058.9
2022-08-20,82101.09999999999
2022-08-21,82164.2
2022-08-22,85645.8
2022-08-23,84096.9
2022-08-24,85240.09999999999
2022-08-25,83546.4
2022-08-26,84640.0
2022-08-27,81857.8
2022-08-28,82199.1
2022-08-29,84021.9
2022-08-30,84560.9
2022-08-31,85446.5
2022-09-01,81241.5
2022-09-02,79899.3
2022-09-03,77308.0
2022-09-04,79083.1
2022-09-05,81192.5
2022-09-06,80428.5
2022-09-07,79795.59999999999
2022-09-08,80411.6
2022-09-09,81063.7
2022-09-10,77791.0
2022-09-11,79003.0
2022-09-12,81090.5
2022-09-13,80557.1
2022-09-14,80951.1
2022-09-15,80266.7
2022-09-16,80328.1
2022-09-17,78105.1
2022-09-18,76992.6
2022-09-19,80882.2
2022-09-20,80124.2
2022-09-21,80186.0
2022-09-22,81927.5
2022-09-23,79799.1
2022-09-24,78002.8
2022-09-25,78880.0
2022-09-26,79753.7
2022-09-27,80827.5
2022-09-28,79867.2
2022-09-29,81505.6
2022-09-30,80334.0
2022-10-01,76135.6
2022-10-02,77076.40000000001
2022-10-03,79325.7
2022-10-04,79732.0
2022-10-05,79112.1
2022-10-06,78337.2
2022-10-07,78373.09999999999
2022-10-08,76070.4
2022-10-09,75333.7
2022-10-10,78377.7
2022-10-11,79121.7
2022-10-12,77909.2
2022-10-13,78300.0
2022-10-14,79523.0
2022-10-15,76060.7
2022-10-16,75959.0
2022-10-17,78622.5
2022-10-18,77778.4
2022-10-19,79419.3
2022-10-20,78594.6
2022-10-21,79718.7
2022-10-22,76055.5
2022-10-23,76910.40000000001
2022-10-24,78513.9
2022-10-25,79620.8
2022-10-26,78795.8
2022-10-27,78316.1
2022-10-28,79450.6
2022-10-29,76963.3
2022-10-30,77397.1
2022-10-31,79197.2
2022-11-01,79212.6
2022-11-02,79635.3
2022-11-03,79805.5
2022-11-04,78606.59999999999
2022-11-05,77357.5
2022-11-06,77176.9
2022-11-07,79588.3
2022-11-08,78858.2
2022-11-09,80085.7
2022-11-10,80087.7
2022-11-11,78386.5
2022-11-12,78406.5
2022-11-13,76889.3
2022-11-14,79944.4
2022-11-15,78956.5
2022-11-16,78938.8
2022-11-17,78674.6
2022-11-18,79310.7
2022-11-19,78243.3
2022-11-20,77558.5
2022-11-21,79580.9
2022-11-22,80483.6
2022-11-23,80545.9
2022-11-24,80320.3
2022-11-25,79712.2
2022-11-26,77496.5
2022-11-27,78101.9
2022-11-28,80500.3
2022-11-29,79484.5
2022-11-30,79383.9
2022-12-01,83423.40000000001
2022-12-02,82380.6
2022-12-03,82124.7
2022-12-04,81730.3
2022-12-05,83029.3
2022-12-06,83550.6
2022-12-07,83868.1
2022-12-08,85017.8
2022-12-09,84523.5
2022-12-10,82446.7
2022-12-11,80636.3
2022-12-12,83960.8
2022-12-13,83893.0
2022-12-14,83829.5
2022-12-15,83301.1
2022-12-16,82820.4
2022-12-17,82031.2
2022-12-18,82218.2
2022-12-19,85348.59999999999
2022-12-20,84675.9
2022-12-21,83553.6
2022-12-22,83948.59999999999
2022-12-23,83626.4
2022-12-24,81352.59999999999
2022-12-25,81364.7
2022-12-26,84111.7
2022-12-27,82580.4
2022-12-28,83707.29999999999
2022-12-29,84443.0
2022-12-30,83801.6
2022-12-31,82148.9
2023-01-01,82069.2
2023-01-02,85122.1
2023-01-03,84107.1
2023-01-04,84260.4
2023-01-05,84674.5
2023-01-06,83216.3
2023-01-07,81395.90000000001
2023-01-08,81929.4
2023-01-09,84548.8
2023-01-10,84679.59999999999
2023-01-11,83852.7
2023-01-12,83725.1
2023-01-13,83647.1
2023-01-14,82550.0
2023-01-15,81489.7
2023-01-16,83237.3
2023-01-17,84147.1
2023-01-18,83513.90000000001
2023-01-19,83273.8
2023-01-20,85607.8
2023-01-21,81345.5
2023-01-22,81221.9
2023-01-23,83993.7
2023-01-24,83716.5
2023-01-25,83924.5
2023-01-26,84582.6
2023-01-27,83940.5
2023-01-28,81647.5
2023-01-29,82534.1
2023-01-30,84161.5
2023-01-31,84157.1
2023-02-01,82551.09999999999
2023-02-02,83632.2
2023-02-03,83527.5
2023-02-04,80390.9
2023-02-05,80555.8
2023-02-06,82926.3
2023-02-07,83956.5
2023-02-08,82898.8
2023-02-09,82291.0
2023-02-10,84335.7
2023-02-11,80549.1
2023-02-12,81183.1
2023-02-13,83087.3
2023-02-14,83434.0
2023-02-15,82897.5
2023-02-16,84240.4
2023-02-17,84226.09999999999
2023-02-18,81080.7
2023-02-19,80421.3
2023-02-20,83710.1
2023-02-21,82986.4
2023-02-22,83164.5
2023-02-23,84253.5
2023-02-24,83119.1
2023-02-25,79693.0
2023-02-26,81601.6
2023-02-27,81809.7
2023-02-28,83246.29999999999
2023-03-01,81652.8
2023-03-02,81943.3
2023-03-03,81111.7
2023-03-04,80174.4
2023-03-05,78704.5
2023-03-06,81541.0
2023-03-07,81910.40000000001
2023-03-08,80957.5
2023-03-09,81278.9
2023-03-10,81282.8
2023-03-11,79437.1
2023-03-12,78672.2
2023-03-13,81566.1
2023-03-14,81837.7
2023-03-15,82197.4
2023-03-16,82015.5
2023-03-17,81063.2
2023-03-18,78612.3
2023-03-19,79290.3
2023-03-20,82796.1
2023-03-21,81547.9
2023-03-22,82064.3
2023-03-23,81689.5
2023-03-24,81826.6
2023-03-25,79413.5
2023-03-26,79247.7
2023-03-27,81981.0
2023-03-28,81485.40000000001
2023-03-29,81345.7
2023-03-30,82178.5
2023-03-31,82289.5
2023-04-01,77567.9
2023-04-02,78148.7
2023-04-03,80321.6
2023-04-04,80416.6
2023-04-05,79327.4
2023-04-06,79907.8
2023-04-07,80069.0
2023-04-08,77904.5
2023-04-09,77786.0
2023-04-10,80453.0
2023-04-11,80381.8
2023-04-12,80004.0
2023-04-13,79469.5
2023-04-14,79770.3
2023-04-15,77385.4
2023-04-16,78532.4
2023-04-17,79580.8
2023-04-18,79262.5
2023-04-19,80783.8
2023-04-20,79368.8
2023-04-21,80763.90000000001
2023-04-22,77939.1
2023-04-23,77748.3
2023-04-24,79430.0
2023-04-25,80726.8
2023-04-26,79915.2
2023-04-27,78929.6
2023-04-28,79031.9
2023-04-29,76941.5
2023-04-30,77746.8
2023-05-01,79929.4
2023-05-02,80608.5
2023-05-03,80385.0
2023-05-04,80106.5
2023-05-05,80261.0
2023-05-06,78398.9
2023-05-07,78187.9
2023-05-08,81710.1
2023-05-09,80869.6
2023-05-10,80695.9
2023-05-11,81271.3
2023-05-12,81497.1
2023-05-13,78488.7
2023-05-14,78996.4
2023-05-15,81198.0
2023-05-16,80072.1
2023-05-17,81771.3
2023-05-18,79800.8
2023-05-19,81082.1
2023-05-20,77696.40000000001
2023-05-21,78104.0
2023-05-22,80005.0
2023-05-23,79380.6
2023-05-24,81718.2
2023-05-25,80950.9
2023-05-26,81513.3
2023-05-27,78404.3
2023-05-28,77421.2
2023-05-29,80426.3
2023-05-30,80116.3
2023-05-31,79337.5
2023-06-01,85704.0
2023-06-02,85288.5
2023-06-03,81865.0
2023-06-04,82343.0
2023-06-05,85878.3
2023-06-06,84531.0
2023-06-07,84663.40000000001
2023-06-08,84436.1
2023-06-09,83612.0
2023-06-10,81981.0
2023-06-11,82640.4
2023-06-12,84163.9
2023-06-13,85056.2
2023-06-14,83977.6
2023-06-15,83980.0
2023-06-16,83509.3
2023-06-17,81777.3
2023-06-18,82401.09999999999
2023-06-19,84120.1
2023-06-20,84041.5
2023-06-21,84955.7
2023-06-22,84011.6
2023-06-23,84773.7
2023-06-24,82392.2
2023-06-25,82806.8
2023-06-26,83904.5
2023-06-27,84923.5
2023-06-28,85059.1
2023-06-29,84841.29999999999
2023-06-30,84748.1
2023-07-01,84969.8
2023-07-02,84293.8
2023-07-03,86229.2
2023-07-04,85205.8
2023-07-05,86683.8
2023-07-06,86790.4
2023-07-07,85817.1
2023-07-08,83403.8
2023-07-09,84928.2
2023-07-10,85848.8
2023-07-11,86561.0
2023-07-12,86229.1
2023-07-13,86537.0
2023-07-14,86216.09999999999
2023-07-15,84427.0
2023-07-16,84019.0
2023-07-17,87202.4
2023-07-18,86458.2
2023-07-19,87092.5
2023-07-20,86056.0
2023-07-21,85679.6
2023-07-22,85117.2
2023-07-23,84205.3
2023-07-24,86943.3
2023-07-25,85645.7
2023-07-26,85599.7
2023-07-27,87642.5
2023-07-28,86830.2
2023-07-29,85342.2
2023-07-30,83936.9
2023-07-31,85490.0
2023-08-01,85477.4
2023-08-02,85629.8
2023-08-03,85944.0
2023-08-04,85790.3
2023-08-05,83138.0
2023-08-06,83129.9
2023-08-07,86126.7
2023-08-08,84529.6
2023-08-09,84657.2
2023-08-10,85456.5
2023-08-11,85255.8
2023-08-12,82101.2
2023-08-13,83822.7
2023-08-14,85766.0
2023-08-15,84614.40000000001
2023-08-16,84300.9
2023-08-17,85379.1
2023-08-18,85537.7
2023-08-19,83357.2
2023-08-20,83883.8
2023-08-21,86023.7
2023-08-22,84992.4
2023-08-23,85172.3
2023-08-24,85213.5
2023-08-25,86526.0
2023-08-26,82906.6
2023-08-27,83891.9
2023-08-28,85164.40000000001
2023-08-29,84002.4
2023-08-30,85566.6
2023-08-31,86133.0
2023-09-01,81547.2
2023-09-02,78251.5
2023-09-03,79955.6
2023-09-04,81446.1
2023-09-05,80830.7
2023-09-06,79855.8
2023-09-07,82206.4
2023-09-08,82000.40000000001
2023-09-09,78329.4
2023-09-10,79212.7
2023-09-11,80737.6
2023-09-12,81635.0
2023-09-13,81260.1
2023-09-14,82493.0
2023-09-15,82010.0
2023-09-16,79939.5
2023-09-17,79186.4
2023-09-18,81722.1
2023-09-19,82631.1
2023-09-20,81024.3
2023-09-21,81628.5
2023-09-22,81605.4
2023-09-23,79311.2
2023-09-24,79876.90000000001
2023-09-25,81369.9
2023-09-26,81175.7
2023-09-27,80995.7
2023-09-28,81874.59999999999
2023-09-29,82194.5
2023-09-30,78682.5
2023-10-01,77749.7
2023-10-02,79112.5
2023-10-03,80293.0
2023-10-04,79123.1
2023-10-05,80339.1
2023-10-06,80558.5
2023-10-07,77994.4
2023-10-08,77445.3
2023-10-09,80988.1
2023-10-10,79941.3
2023-10-11,79665.5
2023-10-12,79147.3
2023-10-13,80786.0
2023-10-14,77222.9
2023-10-15,77708.5
2023-10-16,80740.8
2023-10-17,80130.6
2023-10-18,79173.4
2023-10-19,79223.1
2023-10-20,80096.6
2023-10-21,77019.9
2023-10-22,78204.7
2023-10-23,80854.5
2023-10-24,80410.7
2023-10-25,78517.5
2023-10-26,79279.8
2023-10-27,78591.6
2023-10-28,77763.2
2023-10-29,77199.0
2023-10-30,80179.90000000001
2023-10-31,78752.1
2023-11-01,80747.7
2023-11-02,80441.3
2023-11-03,80975.8
2023-11-04,78412.6
2023-11-05,78872.8
2023-11-06,81416.8
2023-11-07,80567.3
2023-11-08,80230.0
2023-11-09,81359.0
2023-11-10,80391.1
2023-11-11,77566.9
2023-11-12,77987.3
2023-11-13,80649.5
2023-11-14,80643.9
2023-11-15,80993.6
2023-11-16,80715.9
2023-11-17,80824.4
2023-11-18,78990.4
2023-11-19,77591.8
2023-11-20,79959.6
2023-11-21,80916.1
2023-11-22,81426.8
2023-11-23,81127.3
2023-11-24,80007.5
2023-11-25,78446.2
2023-11-26,78246.5
2023-11-27,81724.1
2023-11-28,80863.9
2023-11-29,80592.5
2023-11-30,80573.6
2023-12-01,84324.3
2023-12-02,82461.5
2023-12-03,82788.8
2023-12-04,85186.3
2023-12-05,84244.8
2023-12-06,84735.2
2023-12-07,84829.9
2023-12-08,85049.59999999999
2023-12-09,83249.4
2023-12-10,81807.0
2023-12-11,85024.2
2023-12-12,84178.9
2023-12-13,83951.4
2023-12-14,84498.6
2023-12-15,86144.4
2023-12-16,81935.2
2023-12-17,82169.59999999999
2023-12-18,85325.9
2023-12-19,84152.2
2023-12-20,83597.2
2023-12-21,84489.6
2023-12-22,83899.09999999999
2023-12-23,82731.1
2023-12-24,82818.3
2023-12-25,84920.4
2023-12-26,85518.8
2023-12-27,84872.5
2023-12-28,84770.0
2023-12-29,86099.8
2023-12-30,81627.1
2023-12-31,82452.0
2024-01-01,84646.2
2024-01-02,84319.7
2024-01-03,84865.5
2024-01-04,84041.1
2024-01-05,83729.8
2024-01-06,83897.4
2024-01-07,82695.3
2024-01-08,84502.7
2024-01-09,84408.2
2024-01-10,84801.9
2024-01-11,85647.1
2024-01-12,85238.8
2024-01-13,82023.1
2024-01-14,82663.1
2024-01-15,83672.4
2024-01-16,85347.40000000001
2024-01-17,83647.3
2024-01-18,85129.0
2024-01-19,84812.2
2024-01-20,81569.6
2024-01-21,80807.5
2024-01-22,85534.4
2024-01-23,85363.2
2024-01-24,85692.7
2024-01-25,85229.3
2024-01-26,83967.9
2024-01-27,83386.5
2024-01-28,83042.2
2024-01-29,84598.1
2024-01-30,84930.09999999999
2024-01-31,84546.09999999999
2024-02-01,84516.2
2024-02-02,85707.7
2024-02-03,81856.59999999999
2024-02-04,81752.3
2024-02-05,83598.7
2024-02-06,84787.7
2024-02-07,83551.3
2024-02-08,83056.40000000001
2024-02-09,84866.0
2024-02-10,81605.2
2024-02-11,81372.4
2024-02-12,83978.2
2024-02-13,84545.8
2024-02-14,84067.5
2024-02-15,83877.5
2024-02-16,83068.5
2024-02-17,81382.3
2024-02-18,81792.4
2024-02-19,85003.1
2024-02-20,84434.2
2024-02-21,84958.8
2024-02-22,84144.2
2024-02-23,84220.09999999999
2024-02-24,82275.6
2024-02-25,81761.0
2024-02-26,84222.7
2024-02-27,83469.5
2024-02-28,83883.0
2024-02-29,85268.7
2024-03-01,81309.1
2024-03-02,79580.7
2024-03-03,79585.5
2024-03-04,82965.3
2024-03-05,82630.4
2024-03-06,82707.0
2024-03-07,84018.4
2024-03-08,82754.3
2024-03-09,80729.6
2024-03-10,80500.5
2024-03-11,82666.1
2024-03-12,83339.09999999999
2024-03-13,82192.4
2024-03-14,82800.5
2024-03-15,82638.8
2024-03-16,80883.5
2024-03-17,80564.59999999999
2024-03-18,81684.4
2024-03-19,81695.1
2024-03-20,82232.5
2024-03-21,81939.2
2024-03-22,82717.5
2024-03-23,79828.0
2024-03-24,80178.6
2024-03-25,82521.2
2024-03-26,82264.8
2024-03-27,82942.5
2024-03-28,81949.7
2024-03-29,83486.3
2024-03-30,80085.9
2024-03-31,80250.3
2024-04-01,80802.59999999999
2024-04-02,80056.4
2024-04-03,81032.9
2024-04-04,81564.7
2024-04-05,80702.5
2024-04-06,77738.8
2024-04-07,77931.5
2024-04-08,80635.1
2024-04-09,81079.8
2024-04-10,80148.7
2024-04-11,81130.5
2024-04-12,80514.7
2024-04-13,78353.2
2024-04-14,78065.2
2024-04-15,80849.8
2024-04-16,81795.2
2024-04-17,81865.7
2024-04-18,80484.2
2024-04-19,79752.59999999999
2024-04-20,78569.4
2024-04-21,77152.9
2024-04-22,82446.4
2024-04-23,81312.7
2024-04-24,80432.2
2024-04-25,80871.9
2024-04-26,80548.40000000001
2024-04-27,77147.7
2024-04-28,78497.5
2024-04-29,80788.90000000001
2024-04-30,80615.0
2024-05-01,81596.9
2024-05-02,81774.5
2024-05-03,81398.4
2024-05-04,80600.3
2024-05-05,79108.1
2024-05-06,81049.3
2024-05-07,82088.2
2024-05-08,82546.0
2024-05-09,81648.8
2024-05-10,80810.0
2024-05-11,78171.5
2024-05-12,79784.6
2024-05-13,81626.09999999999
2024-05-14,81753.5
2024-05-15,82233.90000000001
2024-05-16,81188.7
2024-05-17,81992.5
2024-05-18,79807.20000000001
2024-05-19,79630.0
2024-05-20,80411.4
2024-05-21,81746.0
2024-05-22,80885.6
2024-05-23,81488.0
2024-05-24,81813.9
2024-05-25,78749.1
2024-05-26,79120.6
2024-05-27,82128.7
2024-05-28,81353.2
2024-05-29,81468.1
2024-05-30,81649.3
2024-05-31,83127.0
2024-06-01,83868.1
2024-06-02,83685.5
2024-06-03,84925.2
2024-06-04,86533.70000000001
2024-06-05,87007.8
2024-06-06,85979.1
2024-06-07,84743.3
2024-06-08,83852.1
2024-06-09,83472.90000000001
2024-06-10,86511.3
2024-06-11,86133.8
2024-06-12,84654.90000000001
2024-06-13,86452.8
2024-06-14,86414.3
2024-06-15,83927.2
2024-06-16,82023.5
2024-06-17,85509.8
2024-06-18,85224.4
2024-06-19,86797.3
2024-06-20,85992.8
2024-06-21,86709.7
2024-06-22,82742.8
2024-06-23,82541.1
2024-06-24,85921.4
2024-06-25,85485.0
2024-06-26,86030.9
2024-06-27,86094.0
2024-06-28,85810.2
2024-06-29,83070.59999999999
2024-06-30,83543.4
2024-07-01,86590.0
2024-07-02,88521.1
2024-07-03,87618.5
2024-07-04,87248.2
2024-07-05,87619.5
2024-07-06,85743.5
2024-07-07,86326.6
2024-07-08,86188.5
2024-07-09,87847.4
2024-07-10,87681.9
2024-07-11,86610.5
2024-07-12,87640.2
2024-07-13,85338.90000000001
2024-07-14,85230.7
2024-07-15,86986.8
2024-07-16,87537.2
2024-07-17,88543.6
2024-07-18,87318.0
2024-07-19,88720.9
2024-07-20,84542.9
2024-07-21,85130.5
2024-07-22,87141.2
2024-07-23,87404.70000000001
2024-07-24,87712.3
2024-07-25,88231.7
2024-07-26,88376.3
2024-07-27,84802.1
2024-07-28,85287.5
2024-07-29,88122.3
2024-07-30,86168.40000000001
2024-07-31,87001.40000000001
2024-08-01,86042.9
2024-08-02,85892.3
2024-08-03,84386.5
2024-08-04,84596.0
2024-08-05,87178.0
2024-08-06,87559.5
2024-08-07,85984.2
2024-08-08,87371.1
2024-08-09,86311.2
2024-08-10,84407.4
2024-08-11,83850.6
2024-08-12,85620.1
2024-08-13,87233.3
2024-08-14,86022.0
2024-08-15,86435.6
2024-08-16,86694.7
2024-08-17,83221.4
2024-08-18,83757.0
2024-08-19,87464.4
2024-08-20,86740.7
2024-08-21,86059.3
2024-08-22,87165.3
2024-08-23,87064.3
2024-08-24,85054.2
2024-08-25,83889.4
2024-08-26,86684.7
2024-08-27,87046.8
2024-08-28,87237.1
2024-08-29,87066.40000000001
2024-08-30,85750.2
2024-08-31,84404.2
2024-09-01,80240.2
2024-09-02,84065.3
2024-09-03,82882.9
2024-09-04,82345.29999999999
2024-09-05,81737.9
2024-09-06,81329.0
2024-09-07,79973.3
2024-09-08,79730.4
2024-09-09,81281.7
2024-09-10,83176.2
2024-09-11,82441.1
2024-09-12,81670.0
2024-09-13,83025.5
2024-09-14,79969.0
2024-09-15,79901.1
2024-09-16,82183.5
2024-09-17,82194.5
2024-09-18,81539.3
2024-09-19,82040.6
2024-09-20,83555.8
2024-09-21,79350.3
2024-09-22,80538.40000000001
2024-09-23,82654.3
2024-09-24,82875.59999999999
2024-09-25,83192.8
2024-09-26,82767.9
2024-09-27,82466.3
2024-09-28,80151.1
2024-09-29,80406.2
2024-09-30,82071.4
2024-10-01,81172.7
2024-10-02,79864.4
2024-10-03,81496.5
2024-10-04,80970.9
2024-10-05,78168.4
2024-10-06,77660.9
2024-10-07,80919.5
2024-10-08,81837.6
2024-10-09,80122.2
2024-10-10,81402.7
2024-10-11,80598.4
2024-10-12,78738.4
2024-10-13,78377.5
2024-10-14,81103.3
2024-10-15,80699.3
2024-10-16,80900.90000000001
2024-10-17,81076.6
2024-10-18,80181.59999999999
2024-10-19,78714.8
2024-10-20,79024.8
2024-10-21,81397.8
2024-10-22,80833.0
2024-10-23,80218.6
2024-10-24,80842.6
2024-10-25,80705.4
2024-10-26,80144.3
2024-10-27,79466.3
2024-10-28,81992.6
2024-10-29,81911.4
2024-10-30,80178.1
2024-10-31,80847.9
2024-11-01,81652.09999999999
2024-11-02,79579.3
2024-11-03,78522.5
2024-11-04,81238.2
2024-11-05,81647.40000000001
2024-11-06,81812.8
2024-11-07,81076.5
2024-11-08,81822.8
2024-11-09,80536.3
2024-11-10,79686.7
2024-11-11,81565.6
2024-11-12,81270.3
2024-11-13,81492.5
2024-11-14,81614.0
2024-11-15,80962.1
2024-11-16,78414.6
2024-11-17,79768.6
2024-11-18,80567.9
2024-11-19,81485.0
2024-11-20,81867.09999999999
2024-11-21,81462.7
2024-11-22,83074.8
2024-11-23,79301.9
2024-11-24,79828.4
2024-11-25,82011.9
2024-11-26,81182.5
2024-11-27,81997.2
2024-11-28,81306.7
2024-11-29,81486.5
2024-11-30,79744.5
2024-12-01,83751.5
2024-12-02,87073.09999999999
2024-12-03,85618.2
2024-12-04,85070.7
2024-12-05,85785.0
2024-12-06,85524.0
2024-12-07,83034.3
2024-12-08,82730.1
2024-12-09,85995.6
2024-12-10,85818.2
2024-12-11,85593.0
2024-12-12,85595.40000000001
2024-12-13,87469.5
2024-12-14,83067.6
2024-12-15,84226.2
2024-12-16,86767.4
2024-12-17,86135.5
2024-12-18,85991.2
2024-12-19,85135.1
2024-12-20,85926.09999999999
2024-12-21,83339.4
2024-12-22,83180.5
2024-12-23,86639.6
2024-12-24,85957.6
2024-12-25,86561.9
2024-12-26,85855.90000000001
2024-12-27,85806.5
2024-12-28,84324.0
2024-12-29,82618.6
2024-12-30,87094.6
2024-12-31,85278.0
2025-01-01,85255.1
2025-01-02,86298.6
2025-01-03,84635.1
2025-01-04,83964.5
2025-01-05,84034.2
2025-01-06,84758.90000000001
2025-01-07,86249.7
2025-01-08,84832.7
2025-01-09,85807.6
2025-01-10,86597.1
2025-01-11,84014.9
2025-01-12,84047.8
2025-01-13,85424.9
2025-01-14,85706.90000000001
2025-01-15,85890.29999999999
2025-01-16,85322.1
2025-01-17,85375.5
2025-01-18,82499.1
2025-01-19,82333.2
2025-01-20,85696.8
2025-01-21,85937.4
2025-01-22,86802.2
2025-01-23,85953.70000000001
2025-01-24,86175.7
2025-01-25,83456.7
2025-01-26,83398.8
2025-01-27,87360.0
2025-01-28,87003.9
2025-01-29,86166.7
2025-01-30,86428.1
2025-01-31,84922.5
2025-02-01,83272.3
2025-02-02,83450.0
2025-02-03,85066.3
2025-02-04,85495.5
2025-02-05,85819.5
2025-02-06,86683.0
2025-02-07,84723.7
2025-02-08,81857.4
2025-02-09,82849.5
2025-02-10,84932.59999999999
2025-02-11,85509.7
2025-02-12,85821.1
2025-02-13,86498.4
2025-02-14,85865.8
2025-02-15,83043.09999999999
2025-02-16,82942.2
2025-02-17,85271.6
2025-02-18,85952.5
2025-02-19,83978.7
2025-02-20,86077.5
2025-02-21,84910.0
2025-02-22,83369.2
2025-02-23,82922.2
2025-02-24,85725.1
2025-02-25,86296.90000000001
2025-02-26,85255.1
2025-02-27,85134.90000000001
2025-02-28,85313.90000000001
2025-03-01,81030.5
2025-03-02,80607.59999999999
2025-03-03,82867.7
2025-03-04,83658.9
2025-03-05,82698.4
2025-03-06,83375.1
2025-03-07,82862.0
2025-03-08,80623.9
2025-03-09,80186.2
2025-03-10,83114.3
2025-03-11,83051.3
2025-03-12,83391.3
2025-03-13,83347.3
2025-03-14,82297.7
2025-03-15,79564.5
2025-03-16,80225.6
2025-03-17,82960.5
2025-03-18,84660.09999999999
2025-03-19,85213.9
2025-03-20,81865.7
2025-03-21,83201.0
2025-03-22,81345.9
2025-03-23,80250.1
2025-03-24,83885.2
2025-03-25,84186.5
2025-03-26,84364.8
2025-03-27,83082.2
2025-03-28,83156.7
2025-03-29,81435.5
2025-03-30,81983.1
2025-03-31,83265.0
2025-04-01,81390.1
2025-04-02,81561.5
2025-04-03,82580.1
2025-04-04,81670.3
2025-04-05,80575.2
2025-04-06,78326.8
2025-04-07,81001.0
2025-04-08,80986.6
2025-04-09,82537.0
2025-04-10,81791.1
2025-04-11,81198.2
2025-04-12,80324.0
2025-04-13,79721.59999999999
2025-04-14,82262.9
2025-04-15,80959.4
2025-04-16,82482.9
2025-04-17,82088.6
2025-04-18,82007.9
2025-04-19,78948.6
2025-04-20,79755.9
2025-04-21,81112.2
2025-04-22,81055.3
2025-04-23,81913.09999999999
2025-04-24,82081.0
2025-04-25,81037.6
2025-04-26,78933.5
2025-04-27,79412.6
2025-04-28,81801.1
2025-04-29,82096.3
2025-04-30,81549.0
2025-05-01,83399.1
2025-05-02,83778.1
2025-05-03,81040.2
2025-05-04,80331.6
2025-05-05,82122.1
2025-05-06,82233.3
2025-05-07,82761.90000000001
2025-05-08,82776.8
2025-05-09,82968.7
2025-05-10,80444.9
2025-05-11,80681.2
2025-05-12,82253.8
2025-05-13,82263.7
2025-05-14,83105.7
2025-05-15,82491.5
2025-05-16,82458.3
2025-05-17,81021.1
2025-05-18,80095.1
2025-05-19,81956.8
2025-05-20,82433.7
2025-05-21,82072.5
2025-05-22,82580.4
2025-05-23,83514.9
2025-05-24,80612.9
2025-05-25,78904.2
2025-05-26,82201.9
2025-05-27,84180.3
2025-05-28,82108.5
2025-05-29,82288.8
2025-05-30,82237.3
2025-05-31,80795.5
2025-06-01,85601.7
2025-06-02,85605.4
2025-06-03,87065.7
2025-06-04,86889.2
2025-06-05,85903.6
2025-06-06,87140.5
2025-06-07,83921.59999999999
2025-06-08,85271.8
2025-06-09,87298.1
2025-06-10,86866.0
2025-06-11,86543.0
2025-06-12,85822.8
2025-06-13,87270.5
2025-06-14,83784.2
2025-06-15,83315.8
2025-06-16,87434.59999999999
2025-06-17,86484.4
2025-06-18,87428.8
2025-06-19,88406.4
2025-06-20,86253.3
2025-06-21,84277.4
2025-06-22,85018.5
2025-06-23,87601.7
2025-06-24,86798.2
2025-06-25,86191.2
2025-06-26,86856.8
2025-06-27,86861.2
2025-06-28,85328.1
2025-06-29,83700.4
2025-06-30,87035.1
2025-07-01,88060.6
2025-07-02,88016.8
2025-07-03,88741.3
2025-07-04,87547.7
2025-07-05,85923.1
2025-07-06,86495.6
2025-07-07,88785.6
2025-07-08,88311.4
2025-07-09,88434.09999999999
2025-07-10,89102.8
2025-07-11,88670.0
2025-07-12,85596.2
2025-07-13,86466.40000000001
2025-07-14,88554.3
2025-07-15,87892.8
2025-07-16,88751.0
2025-07-17,87809.4
2025-07-18,88453.7
2025-07-19,85474.0
2025-07-20,86021.7
2025-07-21,88967.6
2025-07-22,88620.2
2025-07-23,89477.0
2025-07-24,88554.2
2025-07-25,89308.9
2025-07-26,86298.90000000001
2025-07-27,86561.5
2025-07-28,88334.5
2025-07-29,88479.4
2025-07-30,88917.2
2025-07-31,87876.7
2025-08-01,87098.5
2025-08-02,85764.2
2025-08-03,85802.4
2025-08-04,87450.3
2025-08-05,86627.20000000001
2025-08-06,88622.2
2025-08-07,87831.7
2025-08-08,87226.1
2025-08-09,86543.9
2025-08-10,85073.8
2025-08-11,87307.9
2025-08-12,88228.7
2025-08-13,86855.6
2025-08-14,87571.5
2025-08-15,87906.0
2025-08-16,84649.8
2025-08-17,85181.3
2025-08-18,87129.4
2025-08-19,88540.0
2025-08-20,87153.9
2025-08-21,88303.0
2025-08-22,86921.6
2025-08-23,85855.8
2025-08-24,85206.9
2025-08-25,86889.8
2025-08-26,88039.0
2025-08-27,86156.7
2025-08-28,87700.7
2025-08-29,87927.20000000001
2025-08-30,86391.2
2025-08-31,84258.7
2025-09-01,84045.90000000001
2025-09-02,83091.7
2025-09-03,84452.7
2025-09-04,83500.5
2025-09-05,83296.4
2025-09-06,82081.5
2025-09-07,81451.0
2025-09-08,82803.59999999999
2025-09-09,83528.7
2025-09-10,84055.6
2025-09-11,82221.6
2025-09-12,83727.9
2025-09-13,81522.1
2025-09-14,79842.3
2025-09-15,84364.5
2025-09-16,84101.3
2025-09-17,84439.5
2025-09-18,84582.9
2025-09-19,83645.5
2025-09-20,80905.6
2025-09-21,81569.8
2025-09-22,83270.0
2025-09-23,83765.5
2025-09-24,83191.6
2025-09-25,83342.90000000001
2025-09-26,83059.2
2025-09-27,81590.7
2025-09-28,80883.5
2025-09-29,83335.1
2025-09-30,84107.0
2025-10-01,80492.6
2025-10-02,82371.8
2025-10-03,82030.3
2025-10-04,80461.6
2025-10-05,79821.9
2025-10-06,81245.9
2025-10-07,80997.7
2025-10-08,82528.9
2025-10-09,81427.4
2025-10-10,81401.3
2025-10-11,80542.8
2025-10-12,79563.4
2025-10-13,82289.7
2025-10-14,81257.1
2025-10-15,82060.5
2025-10-16,81779.4
2025-10-17,81371.0
2025-10-18,78951.8
2025-10-19,79449.8
2025-10-20,81172.5
2025-10-21,81880.6
2025-10-22,82584.9
2025-10-23,82293.9
2025-10-24,81596.7
2025-10-25,80596.1
2025-10-26,79217.2
2025-10-27,81283.5
2025-10-28,82774.8
2025-10-29,81379.5
2025-10-30,82699.4
2025-10-31,81087.0
2025-11-01,80475.5
2025-11-02,80716.2
2025-11-03,82284.7
2025-11-04,82463.5
2025-11-05,82558.0
2025-11-06,82484.7
2025-11-07,82459.40000000001
2025-11-08,80678.0
2025-11-09,79349.6
2025-11-10,81674.4
2025-11-11,82085.3
2025-11-12,81721.0
2025-11-13,82755.7
2025-11-14,81532.7
2025-11-15,80967.4
2025-11-16,80725.2
2025-11-17,82354.3
2025-11-18,82517.40000000001
2025-11-19,82161.0
2025-11-20,81669.1
2025-11-21,81964.1
2025-11-22,79480.3
2025-11-23,80710.1
2025-11-24,81734.59999999999
2025-11-25,82662.5
2025-11-26,82909.8
2025-11-27,81830.5
2025-11-28,82964.2
2025-11-29,80803.59999999999
2025-11-30,80536.7
2025-12-01,87228.9
2025-12-02,86228.3
2025-12-03,86873.9
2025-12-04,86707.2
2025-12-05,87867.5
2025-12-06,85690.1
2025-12-07,84383.2
2025-12-08,85838.3
2025-12-09,87373.4
2025-12-10,85542.0
2025-12-11,86880.0
2025-12-12,86837.2
2025-12-13,84609.9
2025-12-14,84755.90000000001
2025-12-15,87005.40000000001
2025-12-16,87786.2
2025-12-17,85838.4
2025-12-18,86680.5
2025-12-19,88166.2
2025-12-20,84535.0
2025-12-21,83900.9
2025-12-22,87146.8
2025-12-23,86606.5
2025-12-24,87741.4
2025-12-25,85870.2
2025-12-26,87977.0
2025-12-27,85352.6
2025-12-28,84890.40000000001
2025-12-29,87388.70000000001
2025-12-30,87976.5
2025-12-31,87461.5
2026-01-01,86426.8
2026-01-02,87661.9
2026-01-03,85810.2
2026-01-04,83813.20000000001
2026-01-05,87001.9
2026-01-06,86896.9
2026-01-07,86261.1
2026-01-08,85907.3
2026-01-09,87354.0
2026-01-10,85061.90000000001
2026-01-11,83060.2
2026-01-12,87158.5
2026-01-13,87204.2
2026-01-14,86352.3
2026-01-15,87339.3
2026-01-16,86468.3
2026-01-17,85021.1
2026-01-18,86020.5
2026-01-19,87179.5
2026-01-20,87068.9
2026-01-21,87338.9
2026-01-22,86883.1
2026-01-23,87435.79999999999
2026-01-24,84771.2
2026-01-25,84003.6
2026-01-26,86426.5
2026-01-27,86185.0
2026-01-28,87347.0
2026-01-29,87518.1
2026-01-30,87658.2
2026-01-31,84487.1
2026-02-01,84314.7
2026-02-02,87322.0
2026-02-03,86421.5
2026-02-04,85412.3
2026-02-05,87680.2
2026-02-06,86467.59999999999
2026-02-07,83773.1
2026-02-08,85465.1
2026-02-09,85827.6
2026-02-10,85021.0
2026-02-11,87495.5
2026-02-12,86805.1
2026-02-13,86056.8
2026-02-14,85425.6
2026-02-15,83718.7
2026-02-16,86422.1
2026-02-17,85565.09999999999
2026-02-18,87113.5
2026-02-19,86524.1
2026-02-20,86381.6
2026-02-21,85520.9
2026-02-22,83554.2
2026-02-23,86520.3
2026-02-24,87309.4
2026-02-25,85733.6
2026-02-26,85884.5
2026-02-27,87092.0
2026-02-28,84869.4
2026-03-01,82512.09999999999
2026-03-02,83652.6
2026-03-03,84128.0
2026-03-04,84824.6
2026-03-05,84274.4
2026-03-06,84723.0
2026-03-07,83225.9
2026-03-08,81604.79999999999
2026-03-09,84373.1
2026-03-10,84958.0
2026-03-11,85394.7
2026-03-12,84149.6
2026-03-13,84111.5
2026-03-14,81725.0
2026-03-15,82487.1
2026-03-16,84190.7
2026-03-17,83652.6
2026-03-18,84086.6
2026-03-19,83876.8
2026-03-20,85142.0
2026-03-21,82118.8
2026-03-22,82386.3
2026-03-23,84421.5
2026-03-24,84243.3
2026-03-25,84753.90000000001
2026-03-26,84505.3
2026-03-27,84656.6
2026-03-28,81762.0
2026-03-29,82319.5
2026-03-30,85266.3
2026-03-31,85090.2
2026-04-01,81950.9
2026-04-02,82685.0
2026-04-03,83565.8
2026-04-04,80952.9
2026-04-05,80023.0
2026-04-06,82288.5
2026-04-07,83282.2
2026-04-08,83931.2
2026-04-09,83322.2
2026-04-10,82758.09999999999
2026-04-11,81587.40000000001
2026-04-12,81302.4
2026-04-13,81685.2
2026-04-14,83215.20000000001
2026-04-15,82970.0
2026-04-16,83063.5
2026-04-17,82974.3
2026-04-18,81513.6
2026-04-19,79930.3
2026-04-20,82629.6
2026-04-21,82714.7
2026-04-22,82499.1
2026-04-23,82584.0
2026-04-24,83153.0
2026-04-25,79403.0
2026-04-26,79907.7
2026-04-27,83023.2
2026-04-28,82625.3
2026-04-29,84008.7
2026-04-30,83318.2
2026-05-01,82963.6
2026-05-02,81293.5
2026-05-03,81430.0
2026-05-04,83222.1
2026-05-05,83953.6
2026-05-06,82971.4
2026-05-07,83415.6
2026-05-08,83512.70000000001
2026-05-09,79985.6
2026-05-10,82002.2
2026-05-11,83311.5
2026-05-12,83355.0
2026-05-13,83575.3
2026-05-14,84188.4
2026-05-15,83682.3
2026-05-16,80966.7
2026-05-17,81462.0
2026-05-18,83380.7
2026-05-19,84379.5
2026-05-20,83598.3
2026-05-21,84041.5
2026-05-22,83432.1
2026-05-23,80876.5
2026-05-24,82887.6
2026-05-25,83626.2
2026-05-26,83816.1
2026-05-27,83787.3
2026-05-28,83548.5
2026-05-29,83966.1
2026-05-30,80131.0
2026-05-31,80649.8
2026-06-01,87316.2
2026-06-02,87641.59999999999
2026-06-03,86663.6
2026-06-04,87463.2
2026-06-05,87675.40000000001
2026-06-06,85406.3
2026-06-07,85897.1
2026-06-08,87130.7
2026-06-09,87177.90000000001
2026-06-10,87514.0
2026-06-11,87854.6
2026-06-12,87371.40000000001
2026-06-13,85963.6
2026-06-14,85910.8
2026-06-15,87783.5
2026-06-16,88211.0
2026-06-17,88632.7
2026-06-18,87454.2
2026-06-19,87513.09999999999
2026-06-20,85299.6
2026-06-21,84530.7
2026-06-22,89298.1
2026-06-23,87740.0
2026-06-24,87566.7
2026-06-25,88682.2
2026-06-26,89531.6
2026-06-27,86365.8
2026-06-28,85810.7
2026-06-29,87695.1
2026-06-30,87502.5
2026-07-01,90033.5
2026-07-02,89378.4
2026-07-03,89183.2
2026-07-04,87297.9
2026-07-05,86281.5
2026-07-06,90113.7
2026-07-07,89394.0
2026-07-08,90023.6
2026-07-09,89775.2
2026-07-10,89067.5
2026-07-11,87304.2
2026-07-12,86790.3
2026-07-13,89314.3
2026-07-14,91164.3
2026-07-15,90667.3
2026-07-16,89573.8
2026-07-17,89139.9
2026-07-18,86714.0
2026-07-19,86800.5
2026-07-20,89537.2
2026-07-21,88878.4
2026-07-22,90549.9
2026-07-23,89467.6
2026-07-24,91301.5
2026-07-25,87598.3
2026-07-26,87377.5
2026-07-27,87984.5
2026-07-28,89810.1
2026-07-29,88951.40000000001
2026-07-30,90109.0
2026-07-31,90113.2
2026-08-01,86384.5
2026-08-02,86674.8
2026-08-03,89256.9
2026-08-04,90987.7
2026-08-05,87686.7
2026-08-06,88745.8
2026-08-07,91900.4
2026-08-08,86509.6
2026-08-09,86561.6
2026-08-10,87827.4
2026-08-11,88935.5
2026-08-12,88319.3
2026-08-13,88719.9
2026-08-14,90775.4
2026-08-15,86274.1
2026-08-16,85792.0
2026-08-17,87880.5
2026-08-18,89845.29999999999
2026-08-19,88633.4
2026-08-20,89539.6
2026-08-21,88474.9
2026-08-22,86737.2
2026-08-23,87895.40000000001
2026-08-24,88392.6
2026-08-25,88657.59999999999
2026-08-26,87942.6
2026-08-27,89573.5
2026-08-28,89554.4
2026-08-29,86769.8
2026-08-30,86396.5
2026-08-31,88657.6
2026-09-01,85019.0
2026-09-02,86017.09999999999
2026-09-03,84216.8
2026-09-04,85279.2
2026-09-05,81417.90000000001
2026-09-06,81990.8
2026-09-07,83873.4
2026-09-08,83295.9
2026-09-09,84715.6
2026-09-10,85034.1
2026-09-11,84341.8
2026-09-12,83361.3
2026-09-13,82382.9
2026-09-14,85753.2
2026-09-15,84447.9
2026-09-16,84289.09999999999
2026-09-17,84190.7
2026-09-18,85020.8
2026-09-19,82521.7
2026-09-20,82237.7
2026-09-21,85110.0
2026-09-22,84608.8
2026-09-23,83930.8
2026-09-24,84062.0
2026-09-25,84645.9
2026-09-26,82958.59999999999
2026-09-27,81329.7
2026-09-28,85061.8
2026-09-29,84758.4
2026-09-30,84202.1
2026-10-01,83105.2
2026-10-02,82751.3
2026-10-03,80930.9
2026-10-04,81081.2
2026-10-05,82024.0
2026-10-06,82688.9
2026-10-07,82198.8
2026-10-08,83267.9
2026-10-09,81261.59999999999
2026-10-10,81087.2
2026-10-11,80787.2
2026-10-12,82043.3
2026-10-13,84072.59999999999
2026-10-14,84599.3
2026-10-15,83568.1
2026-10-16,82667.2
2026-10-17,80081.6
2026-10-18,79767.6
2026-10-19,82721.59999999999
2026-10-20,83268.4
2026-10-21,83940.5
2026-10-22,83382.2
2026-10-23,82366.6
2026-10-24,79744.1
2026-10-25,80780.2
2026-10-26,81905.4
2026-10-27,83335.6
2026-10-28,83369.6
2026-10-29,84453.0
2026-10-30,83829.7
2026-10-31,80229.4
2026-11-01,81485.5
2026-11-02,84407.0
2026-11-03,83765.3
2026-11-04,83868.5
2026-11-05,83862.6
2026-11-06,82889.0
2026-11-07,82214.90000000001
2026-11-08,80687.09999999999
2026-11-09,84848.09999999999
2026-11-10,83074.8
2026-11-11,83717.6
2026-11-12,83670.0
2026-11-13,83317.7
2026-11-14,81830.9
2026-11-15,81174.8
2026-11-16,84903.3
2026-11-17,85375.2
2026-11-18,83348.4
2026-11-19,84748.29999999999
2026-11-20,84302.5
2026-11-21,81314.9
2026-11-22,81724.4
2026-11-23,84018.4
2026-11-24,83371.7
2026-11-25,84409.3
2026-11-26,83584.4
2026-11-27,82820.0
2026-11-28,80388.9
2026-11-29,82530.1
2026-11-30,84069.7
2026-12-01,87852.0
2026-12-02,87990.59999999999
2026-12-03,88166.09999999999
2026-12-04,87362.2
2026-12-05,84300.5
2026-12-06,85528.8
2026-12-07,86862.3
2026-12-08,86702.1
2026-12-09,87645.0
2026-12-10,88397.2
2026-12-11,88299.6
2026-12-12,85262.4
2026-12-13,84626.5
2026-12-14,87356.40000000001
2026-12-15,87504.59999999999
2026-12-16,87128.4
2026-12-17,89535.4
2026-12-18,88505.0
2026-12-19,84987.7
2026-12-20,84003.8
2026-12-21,89071.9
2026-12-22,88534.4
2026-12-23,88306.2
2026-12-24,86913.5
2026-12-25,87717.8
2026-12-26,85617.1
2026-12-27,85929.1
2026-12-28,87938.3
2026-12-29,87493.7
2026-12-30,87014.0
2026-12-31,88684.8
