date,global_trade_volume_kbpd
2020-01-04,99801.2
2020-01-05,99654.8
2020-01-06,99836.8
2020-01-07,99685.4
2020-01-08,99618.5
2020-01-09,100057.2
2020-01-10,100074.7
2020-01-11,100172.7
2020-01-12,100400.1
2020-01-13,100551.6
2020-01-14,100633.0
2020-01-15,100756.2
2020-01-16,101286.9
2020-01-17,101323.3
2020-01-18,101410.4
2020-01-19,101666.8
2020-01-20,101933.2
2020-01-21,102214.9
2020-01-22,102385.3
2020-01-23,102196.3
2020-01-24,102564.3
2020-01-25,102371.8
2020-01-26,102469.5
2020-01-27,102353.1
2020-01-28,102374.3
2020-01-29,102473.3
2020-01-30,102569.5
2020-01-31,102684.6
2020-02-01,103038.8
2020-02-02,103157.7
2020-02-03,103134.5
2020-02-04,103353.7
2020-02-05,103617.1
2020-02-06,103391.1
2020-02-07,103532.2
2020-02-08,103692.8
2020-02-09,103650.3
2020-02-10,103944.4
2020-02-11,103928.8
2020-02-12,103967.5
2020-02-13,103944.3
2020-02-14,103957.8
2020-02-15,103745.0
2020-02-16,103461.3
2020-02-17,103789.6
2020-02-18,103622.9
2020-02-19,103425.4
2020-02-20,102991.4
2020-02-21,102862.3
2020-02-22,102593.4
2020-02-23,102922.6
2020-02-24,103122.6
2020-02-25,102977.7
2020-02-26,103426.0
2020-02-27,103615.9
2020-02-28,103540.1
2020-02-29,103023.3
2020-03-01,103473.5
2020-03-02,103178.2
2020-03-03,102830.0
2020-03-04,103019.4
2020-03-05,103493.6
2020-03-06,103753.0
2020-03-07,103845.3
2020-03-08,103942.4
2020-03-09,104090.2
2020-03-10,104217.4
2020-03-11,104246.9
2020-03-12,104239.2
2020-03-13,104196.6
2020-03-14,104013.2
2020-03-15,103923.9
2020-03-16,103549.0
2020-03-17,103493.9
2020-03-18,103258.4
2020-03-19,102998.6
2020-03-20,102995.8
2020-03-21,103235.4
2020-03-22,103378.4
2020-03-23,103019.9
2020-03-24,102777.2
2020-03-25,102920.8
2020-03-26,102677.3
2020-03-27,102584.7
2020-03-28,102646.2
2020-03-29,102402.3
2020-03-30,102372.4
2020-03-31,102053.4
2020-04-01,101880.0
2020-04-02,101889.9
2020-04-03,101516.4
2020-04-04,101548.3
2020-04-05,101487.2
2020-04-06,101539.2
2020-04-07,101524.6
2020-04-08,101736.1
2020-04-09,101699.6
2020-04-10,101551.9
2020-04-11,101513.0
2020-04-12,101556.8
2020-04-13,101501.4
2020-04-14,101443.5
2020-04-15,101237.4
2020-04-16,101038.4
2020-04-17,100692.3
2020-04-18,100969.7
2020-04-19,100653.8
2020-04-20,100446.4
2020-04-21,100233.4
2020-04-22,100338.4
2020-04-23,100207.7
2020-04-24,100380.6
2020-04-25,100174.0
2020-04-26,100154.5
2020-04-27,99915.2
2020-04-28,100261.3
2020-04-29,99951.8
2020-04-30,99935.9
2020-05-01,99983.0
2020-05-02,99986.3
2020-05-03,99871.7
2020-05-04,99767.6
2020-05-05,99697.1
2020-05-06,99589.0
2020-05-07,99697.3
2020-05-08,100048.1
2020-05-09,99858.6
2020-05-10,99510.9
2020-05-11,99412.6
2020-05-12,99832.6
2020-05-13,99594.6
2020-05-14,99830.6
2020-05-15,100073.5
2020-05-16,99883.5
2020-05-17,99910.8
2020-05-18,100142.7
2020-05-19,99986.1
2020-05-20,99863.6
2020-05-21,99668.1
2020-05-22,99389.4
2020-05-23,99181.5
2020-05-24,98863.3
2020-05-25,98787.4
2020-05-26,98557.2
2020-05-27,98520.0
2020-05-28,98139.7
2020-05-29,98121.7
2020-05-30,98200.0
2020-05-31,97737.4
2020-06-01,97728.3
2020-06-02,97882.5
2020-06-03,97571.4
2020-06-04,97810.7
2020-06-05,97811.0
2020-06-06,97597.5
2020-06-07,97508.2
2020-06-08,97536.1
2020-06-09,97472.7
2020-06-10,97497.6
2020-06-11,97246.1
2020-06-12,97201.9
2020-06-13,96858.6
2020-06-14,96762.6
2020-06-15,96517.5
2020-06-16,96305.1
2020-06-17,96465.6
2020-06-18,96599.1
2020-06-19,96642.2
2020-06-20,96365.4
2020-06-21,96235.7
2020-06-22,96394.4
2020-06-23,96352.3
2020-06-24,96719.9
2020-06-25,96726.2
2020-06-26,96695.6
2020-06-27,96571.9
2020-06-28,96532.1
2020-06-29,96439.6
2020-06-30,96509.0
2020-07-01,96625.7
2020-07-02,96417.7
2020-07-03,96109.0
2020-07-04,95707.5
2020-07-05,95744.5
2020-07-06,95482.1
2020-07-07,95025.6
2020-07-08,95043.7
2020-07-09,95454.1
2020-07-10,95400.6
2020-07-11,95505.2
2020-07-12,95470.2
2020-07-13,95402.8
2020-07-14,95525.5
2020-07-15,95425.0
2020-07-16,95429.0
2020-07-17,95444.3
2020-07-18,95277.6
2020-07-19,95419.4
2020-07-20,95346.5
2020-07-21,95167.4
2020-07-22,95228.7
2020-07-23,95026.0
2020-07-24,94995.9
2020-07-25,94960.2
2020-07-26,95128.1
2020-07-27,95184.3
2020-07-28,95149.7
2020-07-29,95271.8
2020-07-30,95500.8
2020-07-31,95577.6
2020-08-01,95554.9
2020-08-02,95290.1
2020-08-03,95072.2
2020-08-04,94995.7
2020-08-05,94864.7
2020-08-06,94812.9
2020-08-07,94807.4
2020-08-08,94890.4
2020-08-09,94864.4
2020-08-10,94942.3
2020-08-11,94944.1
2020-08-12,94572.1
2020-08-13,94392.1
2020-08-14,94360.0
2020-08-15,94133.3
2020-08-16,94240.8
2020-08-17,94521.0
2020-08-18,94745.3
2020-08-19,94707.7
2020-08-20,94985.0
2020-08-21,95016.9
2020-08-22,94961.1
2020-08-23,94855.8
2020-08-24,94809.2
2020-08-25,94748.3
2020-08-26,94791.7
2020-08-27,94834.7
2020-08-28,94850.1
2020-08-29,94947.0
2020-08-30,95184.0
2020-08-31,95378.2
2020-09-01,95125.6
2020-09-02,94677.3
2020-09-03,94873.0
2020-09-04,94646.1
2020-09-05,94631.1
2020-09-06,94443.0
2020-09-07,94139.7
2020-09-08,94270.0
2020-09-09,94442.0
2020-09-10,94368.8
2020-09-11,93924.7
2020-09-12,93859.5
2020-09-13,93969.0
2020-09-14,93733.8
2020-09-15,93807.4
2020-09-16,93845.5
2020-09-17,93995.0
2020-09-18,94060.7
2020-09-19,93925.1
2020-09-20,94193.0
2020-09-21,94211.0
2020-09-22,94254.5
2020-09-23,94130.9
2020-09-24,94099.4
2020-09-25,93986.9
2020-09-26,94007.9
2020-09-27,94380.8
2020-09-28,94180.8
2020-09-29,93936.7
2020-09-30,94268.5
2020-10-01,94288.2
2020-10-02,94223.1
2020-10-03,94478.2
2020-10-04,94426.9
2020-10-05,94831.4
2020-10-06,95022.5
2020-10-07,94996.3
2020-10-08,95466.9
2020-10-09,95420.6
2020-10-10,95628.2
2020-10-11,95753.7
2020-10-12,96068.6
2020-10-13,96433.7
2020-10-14,96512.1
2020-10-15,96443.3
2020-10-16,96603.9
2020-10-17,96550.8
2020-10-18,97006.6
2020-10-19,97108.9
2020-10-20,97117.0
2020-10-21,97229.9
2020-10-22,97053.3
2020-10-23,96948.2
2020-10-24,97255.7
2020-10-25,97211.3
2020-10-26,97093.2
2020-10-27,97276.7
2020-10-28,97584.5
2020-10-29,97804.2
2020-10-30,98077.6
2020-10-31,98017.1
2020-11-01,97829.7
2020-11-02,98201.4
2020-11-03,98224.9
2020-11-04,98262.4
2020-11-05,98602.9
2020-11-06,98796.1
2020-11-07,98970.5
2020-11-08,99474.0
2020-11-09,99438.0
2020-11-10,99704.7
2020-11-11,99804.0
2020-11-12,99944.4
2020-11-13,100328.3
2020-11-14,100515.7
2020-11-15,100709.2
2020-11-16,101006.4
2020-11-17,101025.5
2020-11-18,100952.5
2020-11-19,100839.3
2020-11-20,100546.7
2020-11-21,101035.7
2020-11-22,100910.3
2020-11-23,100956.3
2020-11-24,100991.3
2020-11-25,101140.1
2020-11-26,101388.1
2020-11-27,101644.9
2020-11-28,101619.4
2020-11-29,101674.8
2020-11-30,101818.1
2020-12-01,101857.0
2020-12-02,102259.9
2020-12-03,102443.6
2020-12-04,102675.1
2020-12-05,102892.3
2020-12-06,103209.9
2020-12-07,103331.7
2020-12-08,103161.4
2020-12-09,103325.3
2020-12-10,103281.0
2020-12-11,103260.3
2020-12-12,103459.6
2020-12-13,103787.7
2020-12-14,103874.2
2020-12-15,104017.2
2020-12-16,104436.3
2020-12-17,104564.8
2020-12-18,105162.3
2020-12-19,105354.5
2020-12-20,105082.6
2020-12-21,105310.7
2020-12-22,105463.9
2020-12-23,105797.9
2020-12-24,106008.1
2020-12-25,106055.4
2020-12-26,105884.5
2020-12-27,105915.6
2020-12-28,105817.1
2020-12-29,105771.7
2020-12-30,105959.6
2020-12-31,106363.9
2021-01-01,106511.3
2021-01-02,106338.1
2021-01-03,106493.5
2021-01-04,106799.3
2021-01-05,106740.5
2021-01-06,106776.3
2021-01-07,106840.9
2021-01-08,106743.1
2021-01-09,106933.2
2021-01-10,106967.0
2021-01-11,107108.7
2021-01-12,106985.0
2021-01-13,106951.0
2021-01-14,107150.4
2021-01-15,107126.9
2021-01-16,107527.4
2021-01-17,107496.0
2021-01-18,107589.7
2021-01-19,107825.8
2021-01-20,107583.7
2021-01-21,107270.4
2021-01-22,107003.2
2021-01-23,107301.0
2021-01-24,107228.8
2021-01-25,107787.4
2021-01-26,107710.0
2021-01-27,107783.4
2021-01-28,108131.7
2021-01-29,108573.2
2021-01-30,109024.9
2021-01-31,109301.5
2021-02-01,109539.2
2021-02-02,109687.6
2021-02-03,109872.4
2021-02-04,109784.7
2021-02-05,109641.0
2021-02-06,109661.9
2021-02-07,109647.3
2021-02-08,109573.4
2021-02-09,109732.6
2021-02-10,109943.1
2021-02-11,109975.1
2021-02-12,110289.3
2021-02-13,110067.1
2021-02-14,110036.9
2021-02-15,109898.4
2021-02-16,109523.4
2021-02-17,109511.3
2021-02-18,109489.5
2021-02-19,109800.3
2021-02-20,109929.2
2021-02-21,109718.5
2021-02-22,110094.2
2021-02-23,110339.0
2021-02-24,110451.7
2021-02-25,110397.8
2021-02-26,110192.6
2021-02-27,110105.9
2021-02-28,110315.8
2021-03-01,110686.7
2021-03-02,110986.2
2021-03-03,110869.4
2021-03-04,110622.5
2021-03-05,110631.2
2021-03-06,110249.0
2021-03-07,110292.0
2021-03-08,110237.4
2021-03-09,110116.5
2021-03-10,109764.2
2021-03-11,109840.0
2021-03-12,109701.3
2021-03-13,109431.4
2021-03-14,108813.8
2021-03-15,108774.0
2021-03-16,109098.8
2021-03-17,109399.5
2021-03-18,109267.9
2021-03-19,109105.5
2021-03-20,109159.4
2021-03-21,108914.1
2021-03-22,108931.4
2021-03-23,109041.5
2021-03-24,109243.7
2021-03-25,109175.3
2021-03-26,109084.7
2021-03-27,108856.4
2021-03-28,108637.3
2021-03-29,108538.6
2021-03-30,108558.8
2021-03-31,108688.2
2021-04-01,108469.4
2021-04-02,108713.2
2021-04-03,108599.5
2021-04-04,108535.2
2021-04-05,108323.4
2021-04-06,107772.9
2021-04-07,107888.0
2021-04-08,107972.2
2021-04-09,107850.5
2021-04-10,107797.8
2021-04-11,107834.3
2021-04-12,107452.5
2021-04-13,107277.5
2021-04-14,107366.9
2021-04-15,107044.9
2021-04-16,107032.2
2021-04-17,106688.4
2021-04-18,106708.6
2021-04-19,106627.6
2021-04-20,106230.5
2021-04-21,106387.7
2021-04-22,106165.2
2021-04-23,105927.0
2021-04-24,105889.7
2021-04-25,106040.2
2021-04-26,105759.5
2021-04-27,105692.5
2021-04-28,105697.7
2021-04-29,105754.7
2021-04-30,105708.5
2021-05-01,105554.1
2021-05-02,105308.2
2021-05-03,105242.8
2021-05-04,104948.1
2021-05-05,104288.2
2021-05-06,104291.2
2021-05-07,104385.8
2021-05-08,103836.4
2021-05-09,103553.8
2021-05-10,103591.4
2021-05-11,103911.1
2021-05-12,103830.2
2021-05-13,103602.1
2021-05-14,103481.0
2021-05-15,103664.7
2021-05-16,103452.6
2021-05-17,103210.5
2021-05-18,103030.5
2021-05-19,102758.7
2021-05-20,102697.0
2021-05-21,102927.9
2021-05-22,102905.0
2021-05-23,102770.0
2021-05-24,102627.6
2021-05-25,102238.4
2021-05-26,102324.6
2021-05-27,102224.3
2021-05-28,102104.3
2021-05-29,102637.5
2021-05-30,102610.2
2021-05-31,102380.1
2021-06-01,102213.4
2021-06-02,102350.9
2021-06-03,102288.8
2021-06-04,101928.3
2021-06-05,102022.3
2021-06-06,101811.1
2021-06-07,102088.9
2021-06-08,102214.3
2021-06-09,102046.9
2021-06-10,102211.4
2021-06-11,102143.7
2021-06-12,102226.7
2021-06-13,102239.8
2021-06-14,101999.0
2021-06-15,101797.8
2021-06-16,101916.7
2021-06-17,101775.8
2021-06-18,101622.7
2021-06-19,101365.4
2021-06-20,101371.4
2021-06-21,101689.5
2021-06-22,101413.5
2021-06-23,101345.7
2021-06-24,101542.0
2021-06-25,101456.1
2021-06-26,101471.9
2021-06-27,101201.7
2021-06-28,101214.8
2021-06-29,101112.3
2021-06-30,101232.4
2021-07-01,101391.4
2021-07-02,101815.6
2021-07-03,101861.3
2021-07-04,101860.1
2021-07-05,101835.2
2021-07-06,101708.3
2021-07-07,101712.8
2021-07-08,101599.1
2021-07-09,101573.8
2021-07-10,101765.5
2021-07-11,101521.9
2021-07-12,101682.3
2021-07-13,101877.0
2021-07-14,101803.7
2021-07-15,101356.6
2021-07-16,101194.5
2021-07-17,101390.1
2021-07-18,101340.1
2021-07-19,101108.8
2021-07-20,100971.5
2021-07-21,101086.9
2021-07-22,101148.6
2021-07-23,101065.1
2021-07-24,100959.1
2021-07-25,100849.9
2021-07-26,100643.2
2021-07-27,100911.1
2021-07-28,100819.2
2021-07-29,101015.5
2021-07-30,101269.8
2021-07-31,101428.0
2021-08-01,101321.5
2021-08-02,101372.0
2021-08-03,101344.4
2021-08-04,101154.7
2021-08-05,101195.0
2021-08-06,100957.3
2021-08-07,101161.0
2021-08-08,101059.2
2021-08-09,101082.7
2021-08-10,101122.9
2021-08-11,101064.0
2021-08-12,101163.8
2021-08-13,101067.8
2021-08-14,101223.5
2021-08-15,100969.0
2021-08-16,100989.5
2021-08-17,101348.2
2021-08-18,101162.6
2021-08-19,101038.4
2021-08-20,101137.2
2021-08-21,101175.4
2021-08-22,101247.0
2021-08-23,101346.0
2021-08-24,101473.5
2021-08-25,101690.9
2021-08-26,101779.9
2021-08-27,101749.5
2021-08-28,101890.5
2021-08-29,102261.2
2021-08-30,102255.8
2021-08-31,102095.3
2021-09-01,102323.5
2021-09-02,102325.0
2021-09-03,101946.1
2021-09-04,102130.7
2021-09-05,102059.5
2021-09-06,102072.5
2021-09-07,102165.8
2021-09-08,102234.3
2021-09-09,102401.1
2021-09-10,102355.9
2021-09-11,102489.1
2021-09-12,102479.6
2021-09-13,102658.0
2021-09-14,102814.9
2021-09-15,102683.5
2021-09-16,102931.3
2021-09-17,102877.3
2021-09-18,103076.1
2021-09-19,103194.0
2021-09-20,103588.8
2021-09-21,103599.0
2021-09-22,103586.9
2021-09-23,103637.9
2021-09-24,103637.0
2021-09-25,103844.6
2021-09-26,103599.5
2021-09-27,103461.2
2021-09-28,103321.2
2021-09-29,103562.1
2021-09-30,103947.7
2021-10-01,103992.7
2021-10-02,104026.8
2021-10-03,104107.1
2021-10-04,104394.8
2021-10-05,104289.0
2021-10-06,104404.6
2021-10-07,104660.8
2021-10-08,104828.5
2021-10-09,104938.3
2021-10-10,105203.2
2021-10-11,104766.4
2021-10-12,104971.8
2021-10-13,104925.4
2021-10-14,104655.9
2021-10-15,104832.5
2021-10-16,105174.5
2021-10-17,105229.7
2021-10-18,105493.6
2021-10-19,105884.6
2021-10-20,106220.1
2021-10-21,106618.9
2021-10-22,106847.2
2021-10-23,106948.7
2021-10-24,106729.4
2021-10-25,106770.5
2021-10-26,106697.4
2021-10-27,107204.0
2021-10-28,107260.5
2021-10-29,107375.1
2021-10-30,107572.8
2021-10-31,107673.4
2021-11-01,108093.1
2021-11-02,108066.2
2021-11-03,108197.6
2021-11-04,108148.1
2021-11-05,107986.9
2021-11-06,107963.0
2021-11-07,108050.7
2021-11-08,108062.5
2021-11-09,108023.3
2021-11-10,107845.3
2021-11-11,107924.7
2021-11-12,107727.2
2021-11-13,107971.1
2021-11-14,108083.1
2021-11-15,107894.4
2021-11-16,107929.9
2021-11-17,107878.6
2021-11-18,108037.0
2021-11-19,108395.7
2021-11-20,108123.9
2021-11-21,108242.3
2021-11-22,108306.5
2021-11-23,108534.2
2021-11-24,108671.8
2021-11-25,108619.1
2021-11-26,108651.3
2021-11-27,108589.1
2021-11-28,108896.3
2021-11-29,108995.0
2021-11-30,109465.6
2021-12-01,109547.8
2021-12-02,109501.1
2021-12-03,109294.0
2021-12-04,109028.6
2021-12-05,108805.6
2021-12-06,108950.0
2021-12-07,109142.2
2021-12-08,108917.5
2021-12-09,109185.7
2021-12-10,109178.6
2021-12-11,109296.5
2021-12-12,109706.9
2021-12-13,109974.1
2021-12-14,110007.5
2021-12-15,109915.3
2021-12-16,109569.2
2021-12-17,109509.4
2021-12-18,109550.7
2021-12-19,109435.1
2021-12-20,109490.6
2021-12-21,109587.2
2021-12-22,109622.2
2021-12-23,109570.5
2021-12-24,109682.9
2021-12-25,109849.7
2021-12-26,109706.0
2021-12-27,110066.9
2021-12-28,110121.8
2021-12-29,110199.4
2021-12-30,110415.6
2021-12-31,110534.8
2022-01-01,110798.9
2022-01-02,110927.1
2022-01-03,110871.5
2022-01-04,111012.5
2022-01-05,110846.4
2022-01-06,110933.7
2022-01-07,110991.0
2022-01-08,111011.4
2022-01-09,111046.8
2022-01-10,110723.4
2022-01-11,110670.3
2022-01-12,110746.9
2022-01-13,110835.9
2022-01-14,110680.9
2022-01-15,110993.4
2022-01-16,110868.7
2022-01-17,111118.2
2022-01-18,111255.5
2022-01-19,111171.6
2022-01-20,111582.4
2022-01-21,111383.5
2022-01-22,111616.4
2022-01-23,111864.6
2022-01-24,111768.6
2022-01-25,112094.6
2022-01-26,112082.1
2022-01-27,112178.7
2022-01-28,112268.0
2022-01-29,112274.7
2022-01-30,112474.3
2022-01-31,112669.0
2022-02-01,112339.1
2022-02-02,112635.8
2022-02-03,112320.4
2022-02-04,112558.2
2022-02-05,112814.0
2022-02-06,112611.5
2022-02-07,112547.5
2022-02-08,112338.6
2022-02-09,112311.8
2022-02-10,112264.1
2022-02-11,112439.1
2022-02-12,112722.0
2022-02-13,113021.0
2022-02-14,112914.7
2022-02-15,112879.5
2022-02-16,112538.7
2022-02-17,112377.3
2022-02-18,112579.5
2022-02-19,112914.4
2022-02-20,112659.8
2022-02-21,112536.1
2022-02-22,112527.5
2022-02-23,112580.6
2022-02-24,112407.3
2022-02-25,112486.9
2022-02-26,112379.7
2022-02-27,112365.7
2022-02-28,112465.8
2022-03-01,112453.0
2022-03-02,112347.3
2022-03-03,112307.5
2022-03-04,112270.5
2022-03-05,112173.9
2022-03-06,112098.7
2022-03-07,112404.6
2022-03-08,112495.1
2022-03-09,112407.8
2022-03-10,112523.2
2022-03-11,112425.1
2022-03-12,112635.4
2022-03-13,112678.8
2022-03-14,112622.7
2022-03-15,112679.3
2022-03-16,112319.6
2022-03-17,112050.0
2022-03-18,111765.3
2022-03-19,111753.7
2022-03-20,112066.7
2022-03-21,112480.4
2022-03-22,112565.7
2022-03-23,112621.5
2022-03-24,112204.5
2022-03-25,112044.0
2022-03-26,111832.2
2022-03-27,111653.4
2022-03-28,111565.9
2022-03-29,111415.1
2022-03-30,110955.4
2022-03-31,111051.6
2022-04-01,110774.9
2022-04-02,110764.8
2022-04-03,111127.4
2022-04-04,110878.7
2022-04-05,110301.2
2022-04-06,110179.7
2022-04-07,110339.2
2022-04-08,110671.6
2022-04-09,110355.1
2022-04-10,110388.1
2022-04-11,110225.0
2022-04-12,110133.8
2022-04-13,110598.8
2022-04-14,110222.6
2022-04-15,110201.3
2022-04-16,110222.2
2022-04-17,110367.0
2022-04-18,110311.2
2022-04-19,110297.0
2022-04-20,110140.7
2022-04-21,110117.0
2022-04-22,109969.1
2022-04-23,110014.6
2022-04-24,109860.0
2022-04-25,109854.9
2022-04-26,109767.3
2022-04-27,109910.9
2022-04-28,109817.5
2022-04-29,109378.8
2022-04-30,109547.4
2022-05-01,109281.5
2022-05-02,109065.8
2022-05-03,108861.5
2022-05-04,109049.9
2022-05-05,108537.7
2022-05-06,109076.1
2022-05-07,109198.9
2022-05-08,109155.3
2022-05-09,109056.1
2022-05-10,109024.2
2022-05-11,109038.7
2022-05-12,109077.3
2022-05-13,109097.7
2022-05-14,109025.6
2022-05-15,108896.5
2022-05-16,108776.5
2022-05-17,108647.8
2022-05-18,108781.1
2022-05-19,108807.5
2022-05-20,108137.9
2022-05-21,108176.7
2022-05-22,108124.7
2022-05-23,108030.8
2022-05-24,107864.4
2022-05-25,107994.8
2022-05-26,108090.4
2022-05-27,107849.1
2022-05-28,107839.0
2022-05-29,107559.6
2022-05-30,107201.0
2022-05-31,106990.1
2022-06-01,107069.9
2022-06-02,107167.5
2022-06-03,107179.5
2022-06-04,107233.0
2022-06-05,107246.0
2022-06-06,107034.5
2022-06-07,107032.0
2022-06-08,107101.2
2022-06-09,107161.8
2022-06-10,107306.8
2022-06-11,107359.0
2022-06-12,107342.7
2022-06-13,107465.6
2022-06-14,107377.4
2022-06-15,107124.8
2022-06-16,107011.8
2022-06-17,106787.5
2022-06-18,106577.6
2022-06-19,106470.6
2022-06-20,106240.0
2022-06-21,106103.5
2022-06-22,105663.8
2022-06-23,105629.3
2022-06-24,105554.9
2022-06-25,105324.9
2022-06-26,105378.4
2022-06-27,105485.8
2022-06-28,105107.9
2022-06-29,104892.7
2022-06-30,104677.4
2022-07-01,104430.8
2022-07-02,104522.6
2022-07-03,104420.4
2022-07-04,104305.9
2022-07-05,103861.9
2022-07-06,103921.0
2022-07-07,103625.1
2022-07-08,103577.2
2022-07-09,103571.8
2022-07-10,103772.9
2022-07-11,103469.1
2022-07-12,102842.8
2022-07-13,102824.7
2022-07-14,103113.8
2022-07-15,103297.6
2022-07-16,103287.9
2022-07-17,103147.1
2022-07-18,103252.9
2022-07-19,103023.8
2022-07-20,103069.8
2022-07-21,103122.6
2022-07-22,103281.3
2022-07-23,103761.6
2022-07-24,103796.9
2022-07-25,103663.9
2022-07-26,103623.4
2022-07-27,103256.3
2022-07-28,103093.0
2022-07-29,102984.9
2022-07-30,102856.8
2022-07-31,102857.4
2022-08-01,102676.3
2022-08-02,102861.9
2022-08-03,102838.5
2022-08-04,102814.8
2022-08-05,102732.8
2022-08-06,102743.1
2022-08-07,102880.6
2022-08-08,102702.1
2022-08-09,102564.5
2022-08-10,102494.9
2022-08-11,102231.5
2022-08-12,102068.4
2022-08-13,101971.3
2022-08-14,102129.1
2022-08-15,102173.7
2022-08-16,102206.9
2022-08-17,102365.1
2022-08-18,102339.4
2022-08-19,102414.4
2022-08-20,102398.4
2022-08-21,102453.1
2022-08-22,102350.3
2022-08-23,101900.9
2022-08-24,101885.4
2022-08-25,102163.6
2022-08-26,102350.2
2022-08-27,102545.9
2022-08-28,102794.0
2022-08-29,102828.3
2022-08-30,102884.7
2022-08-31,102789.5
2022-09-01,102752.6
2022-09-02,102892.2
2022-09-03,103144.0
2022-09-04,103145.0
2022-09-05,103089.0
2022-09-06,103119.3
2022-09-07,103264.2
2022-09-08,103025.7
2022-09-09,102628.1
2022-09-10,102560.5
2022-09-11,102368.1
2022-09-12,102311.2
2022-09-13,102323.7
2022-09-14,102279.9
2022-09-15,102597.2
2022-09-16,102703.6
2022-09-17,102806.5
2022-09-18,102971.6
2022-09-19,102805.3
2022-09-20,103052.2
2022-09-21,103089.6
2022-09-22,103269.6
2022-09-23,103121.1
2022-09-24,102882.3
2022-09-25,103094.2
2022-09-26,103223.9
2022-09-27,103112.1
2022-09-28,103007.6
2022-09-29,103283.3
2022-09-30,103120.3
2022-10-01,103497.1
2022-10-02,103391.2
2022-10-03,103579.5
2022-10-04,103584.7
2022-10-05,103768.7
2022-10-06,103735.0
2022-10-07,103775.0
2022-10-08,103855.0
2022-10-09,103736.5
2022-10-10,103952.4
2022-10-11,103929.3
2022-10-12,103961.6
2022-10-13,103847.8
2022-10-14,103433.6
2022-10-15,103475.2
2022-10-16,104018.5
2022-10-17,104250.0
2022-10-18,104327.7
2022-10-19,104359.3
2022-10-20,104446.6
2022-10-21,104636.0
2022-10-22,104492.4
2022-10-23,104793.1
2022-10-24,105017.6
2022-10-25,105243.5
2022-10-26,105416.1
2022-10-27,105508.2
2022-10-28,105727.7
2022-10-29,105932.4
2022-10-30,105953.7
2022-10-31,105932.7
2022-11-01,106043.6
2022-11-02,106437.4
2022-11-03,106287.7
2022-11-04,106093.5
2022-11-05,106218.4
2022-11-06,106321.4
2022-11-07,106448.7
2022-11-08,106590.3
2022-11-09,106640.6
2022-11-10,107027.5
2022-11-11,106807.6
2022-11-12,106739.3
2022-11-13,106813.7
2022-11-14,106584.7
2022-11-15,106644.7
2022-11-16,107067.6
2022-11-17,107166.8
2022-11-18,107307.7
2022-11-19,107153.4
2022-11-20,107126.3
2022-11-21,107146.7
2022-11-22,107178.4
2022-11-23,107527.6
2022-11-24,107733.2
2022-11-25,107606.6
2022-11-26,107750.0
2022-11-27,107943.5
2022-11-28,108265.0
2022-11-29,108674.6
2022-11-30,108565.6
2022-12-01,108496.7
2022-12-02,108337.8
2022-12-03,108383.2
2022-12-04,108568.7
2022-12-05,108858.5
2022-12-06,108934.6
2022-12-07,108961.1
2022-12-08,109081.9
2022-12-09,109003.4
2022-12-10,109513.8
2022-12-11,109278.3
2022-12-12,109403.6
2022-12-13,109899.9
2022-12-14,109988.4
2022-12-15,110036.3
2022-12-16,110049.6
2022-12-17,110097.9
2022-12-18,110460.5
2022-12-19,110095.0
2022-12-20,110489.0
2022-12-21,110281.3
2022-12-22,110307.8
2022-12-23,110300.2
2022-12-24,110499.1
2022-12-25,110251.2
2022-12-26,110422.5
2022-12-27,110911.9
2022-12-28,110708.7
2022-12-29,110821.6
2022-12-30,110759.3
2022-12-31,110918.5
2023-01-01,110993.5
2023-01-02,110931.9
2023-01-03,111100.7
2023-01-04,111538.8
2023-01-05,111566.4
2023-01-06,111779.9
2023-01-07,111578.5
2023-01-08,111444.8
2023-01-09,111603.9
2023-01-10,111970.2
2023-01-11,112103.1
2023-01-12,112096.9
2023-01-13,112153.7
2023-01-14,111951.3
2023-01-15,112130.4
2023-01-16,112365.7
2023-01-17,112324.0
2023-01-18,112277.1
2023-01-19,112381.0
2023-01-20,112338.2
2023-01-21,112370.6
2023-01-22,112850.1
2023-01-23,112842.4
2023-01-24,112810.0
2023-01-25,112716.2
2023-01-26,112909.5
2023-01-27,112909.5
2023-01-28,112810.7
2023-01-29,113119.5
2023-01-30,113447.4
2023-01-31,113354.3
2023-02-01,112996.6
2023-02-02,113234.4
2023-02-03,113119.0
2023-02-04,113308.8
2023-02-05,112922.9
2023-02-06,113130.8
2023-02-07,112899.4
2023-02-08,113070.6
2023-02-09,113091.0
2023-02-10,112908.4
2023-02-11,112838.0
2023-02-12,112993.6
2023-02-13,113026.8
2023-02-14,113158.1
2023-02-15,113577.8
2023-02-16,113258.4
2023-02-17,113600.0
2023-02-18,113625.0
2023-02-19,113439.4
2023-02-20,113162.3
2023-02-21,113121.3
2023-02-22,113310.1
2023-02-23,113278.8
2023-02-24,113587.1
2023-02-25,113276.9
2023-02-26,113264.9
2023-02-27,112993.0
2023-02-28,113056.0
2023-03-01,113226.4
2023-03-02,113122.9
2023-03-03,112563.6
2023-03-04,112586.1
2023-03-05,112656.6
2023-03-06,112718.7
2023-03-07,112952.1
2023-03-08,112704.4
2023-03-09,112819.2
2023-03-10,113038.9
2023-03-11,112639.7
2023-03-12,112675.0
2023-03-13,112537.8
2023-03-14,112486.8
2023-03-15,112523.5
2023-03-16,112385.5
2023-03-17,112207.1
2023-03-18,112174.4
2023-03-19,111908.0
2023-03-20,111640.7
2023-03-21,111737.6
2023-03-22,111454.7
2023-03-23,111546.2
2023-03-24,111594.1
2023-03-25,111188.2
2023-03-26,110998.0
2023-03-27,111193.1
2023-03-28,110937.6
2023-03-29,110787.8
2023-03-30,110827.8
2023-03-31,110932.8
2023-04-01,110823.2
2023-04-02,110641.3
2023-04-03,110873.9
2023-04-04,111170.2
2023-04-05,111308.7
2023-04-06,111262.4
2023-04-07,111031.4
2023-04-08,110795.0
2023-04-09,110835.2
2023-04-10,110853.0
2023-04-11,111070.9
2023-04-12,111133.8
2023-04-13,110755.0
2023-04-14,110897.9
2023-04-15,110620.9
2023-04-16,110468.6
2023-04-17,110444.9
2023-04-18,110776.1
2023-04-19,111332.9
2023-04-20,111378.4
2023-04-21,111262.2
2023-04-22,111291.3
2023-04-23,111391.1
2023-04-24,111244.7
2023-04-25,111526.9
2023-04-26,111490.6
2023-04-27,111507.8
2023-04-28,111558.2
2023-04-29,111558.5
2023-04-30,111642.4
2023-05-01,111431.4
2023-05-02,111232.0
2023-05-03,110923.0
2023-05-04,110924.0
2023-05-05,110992.9
2023-05-06,110996.4
2023-05-07,111243.9
2023-05-08,111153.2
2023-05-09,111197.4
2023-05-10,110888.2
2023-05-11,110720.2
2023-05-12,110768.7
2023-05-13,110847.5
2023-05-14,110697.5
2023-05-15,110591.7
2023-05-16,110197.3
2023-05-17,110034.7
2023-05-18,110120.5
2023-05-19,110143.3
2023-05-20,110151.0
2023-05-21,110069.0
2023-05-22,109978.6
2023-05-23,109755.8
2023-05-24,109802.6
2023-05-25,109794.3
2023-05-26,109800.1
2023-05-27,109604.7
2023-05-28,109088.2
2023-05-29,109214.0
2023-05-30,109029.1
2023-05-31,108768.9
2023-06-01,108815.7
2023-06-02,108649.0
2023-06-03,108768.2
2023-06-04,108800.5
2023-06-05,108846.0
2023-06-06,108490.0
2023-06-07,108639.9
2023-06-08,108603.8
2023-06-09,108444.8
2023-06-10,108386.6
2023-06-11,107954.2
2023-06-12,107949.2
2023-06-13,107664.3
2023-06-14,107317.5
2023-06-15,106938.6
2023-06-16,107073.5
2023-06-17,106870.2
2023-06-18,107088.0
2023-06-19,106904.4
2023-06-20,106494.6
2023-06-21,106200.5
2023-06-22,106363.2
2023-06-23,106257.1
2023-06-24,106076.0
2023-06-25,106032.9
2023-06-26,106056.7
2023-06-27,106200.1
2023-06-28,106408.1
2023-06-29,106268.2
2023-06-30,105943.3
2023-07-01,105795.4
2023-07-02,105778.4
2023-07-03,105527.0
2023-07-04,105278.3
2023-07-05,105280.7
2023-07-06,105208.8
2023-07-07,105153.8
2023-07-08,104948.3
2023-07-09,104845.3
2023-07-10,104610.7
2023-07-11,104724.8
2023-07-12,104867.7
2023-07-13,104460.8
2023-07-14,104230.8
2023-07-15,103894.0
2023-07-16,103720.3
2023-07-17,103656.2
2023-07-18,103332.9
2023-07-19,103111.8
2023-07-20,102876.6
2023-07-21,102873.6
2023-07-22,102845.7
2023-07-23,102668.7
2023-07-24,102664.1
2023-07-25,102523.4
2023-07-26,102436.4
2023-07-27,102720.6
2023-07-28,102942.7
2023-07-29,102664.9
2023-07-30,102792.9
2023-07-31,102918.8
2023-08-01,102674.4
2023-08-02,102804.7
2023-08-03,103072.9
2023-08-04,102838.0
2023-08-05,102643.6
2023-08-06,102817.6
2023-08-07,102851.7
2023-08-08,102940.4
2023-08-09,102990.7
2023-08-10,103052.1
2023-08-11,102789.8
2023-08-12,102978.7
2023-08-13,103192.3
2023-08-14,103142.5
2023-08-15,103129.6
2023-08-16,102836.6
2023-08-17,102932.5
2023-08-18,103040.9
2023-08-19,103030.8
2023-08-20,103247.1
2023-08-21,103188.8
2023-08-22,103302.2
2023-08-23,103117.3
2023-08-24,103122.6
2023-08-25,103100.9
2023-08-26,103156.5
2023-08-27,103101.1
2023-08-28,103092.3
2023-08-29,103266.6
2023-08-30,103203.1
2023-08-31,102919.4
2023-09-01,103273.6
2023-09-02,103559.8
2023-09-03,103340.2
2023-09-04,103498.3
2023-09-05,103431.6
2023-09-06,103511.9
2023-09-07,103599.7
2023-09-08,103588.5
2023-09-09,103474.4
2023-09-10,103379.4
2023-09-11,103242.9
2023-09-12,103123.8
2023-09-13,103151.6
2023-09-14,103057.4
2023-09-15,103230.8
2023-09-16,103559.3
2023-09-17,103495.2
2023-09-18,103588.7
2023-09-19,103733.4
2023-09-20,103874.3
2023-09-21,103940.9
2023-09-22,104136.4
2023-09-23,104283.6
2023-09-24,104103.0
2023-09-25,104326.9
2023-09-26,104555.8
2023-09-27,104469.8
2023-09-28,104538.5
2023-09-29,104732.4
2023-09-30,104756.2
2023-10-01,105027.6
2023-10-02,105548.7
2023-10-03,105465.4
2023-10-04,105268.6
2023-10-05,105397.2
2023-10-06,105607.5
2023-10-07,105635.3
2023-10-08,105989.4
2023-10-09,105805.5
2023-10-10,106015.0
2023-10-11,105974.5
2023-10-12,106385.0
2023-10-13,106849.9
2023-10-14,106781.3
2023-10-15,106755.5
2023-10-16,107004.2
2023-10-17,107011.7
2023-10-18,107086.4
2023-10-19,107175.7
2023-10-20,106886.9
2023-10-21,106969.9
2023-10-22,106921.8
2023-10-23,106912.6
2023-10-24,107282.5
2023-10-25,107125.3
2023-10-26,107373.7
2023-10-27,107408.9
2023-10-28,107444.5
2023-10-29,107690.6
2023-10-30,107849.1
2023-10-31,108053.5
2023-11-01,108337.0
2023-11-02,108365.2
2023-11-03,108338.5
2023-11-04,108218.7
2023-11-05,108150.2
2023-11-06,108827.7
2023-11-07,109169.5
2023-11-08,108998.1
2023-11-09,108832.2
2023-11-10,109024.0
2023-11-11,109229.2
2023-11-12,109435.1
2023-11-13,109481.5
2023-11-14,109553.7
2023-11-15,109716.4
2023-11-16,109831.0
2023-11-17,109485.7
2023-11-18,109537.0
2023-11-19,109464.0
2023-11-20,109596.1
2023-11-21,110291.0
2023-11-22,110462.1
2023-11-23,110496.7
2023-11-24,110779.1
2023-11-25,110973.4
2023-11-26,111155.1
2023-11-27,111374.3
2023-11-28,111885.6
2023-11-29,111754.6
2023-11-30,111946.7
2023-12-01,111855.8
2023-12-02,112063.9
2023-12-03,111973.5
2023-12-04,111983.9
2023-12-05,112018.5
2023-12-06,112310.4
2023-12-07,112590.5
2023-12-08,112430.6
2023-12-09,112534.3
2023-12-10,112481.8
2023-12-11,112316.6
2023-12-12,112362.8
2023-12-13,112389.6
2023-12-14,112974.2
2023-12-15,113151.4
2023-12-16,112957.7
2023-12-17,112929.2
2023-12-18,113224.7
2023-12-19,113738.4
2023-12-20,113498.2
2023-12-21,113196.2
2023-12-22,113663.5
2023-12-23,113825.9
2023-12-24,113728.6
2023-12-25,113919.0
2023-12-26,113455.4
2023-12-27,113534.2
2023-12-28,113678.9
2023-12-29,113945.8
2023-12-30,113811.6
2023-12-31,113903.3
2024-01-01,113784.7
2024-01-02,113909.2
2024-01-03,113794.4
2024-01-04,113779.1
2024-01-05,113640.7
2024-01-06,113842.6
2024-01-07,114086.5
2024-01-08,114102.3
2024-01-09,114173.5
2024-01-10,113934.2
2024-01-11,113932.5
2024-01-12,113981.3
2024-01-13,114585.1
2024-01-14,114410.2
2024-01-15,114770.9
2024-01-16,115033.1
2024-01-17,115144.6
2024-01-18,115563.3
2024-01-19,115691.3
2024-01-20,115821.5
2024-01-21,115857.9
2024-01-22,116159.8
2024-01-23,116433.9
2024-01-24,116346.2
2024-01-25,116111.7
2024-01-26,116109.3
2024-01-27,115980.2
2024-01-28,116003.9
2024-01-29,116298.8
2024-01-30,116236.8
2024-01-31,116260.2
2024-02-01,116303.2
2024-02-02,116510.5
2024-02-03,116066.5
2024-02-04,115965.2
2024-02-05,116033.9
2024-02-06,116308.8
2024-02-07,116226.6
2024-02-08,115851.9
2024-02-09,116000.1
2024-02-10,115882.9
2024-02-11,115647.5
2024-02-12,115529.2
2024-02-13,115501.8
2024-02-14,115384.4
2024-02-15,114928.7
2024-02-16,115123.9
2024-02-17,115396.8
2024-02-18,115537.1
2024-02-19,115299.4
2024-02-20,115257.0
2024-02-21,115254.0
2024-02-22,115376.7
2024-02-23,115512.3
2024-02-24,115351.4
2024-02-25,115360.5
2024-02-26,115446.9
2024-02-27,115741.6
2024-02-28,115876.7
2024-02-29,116027.9
2024-03-01,116029.3
2024-03-02,116307.7
2024-03-03,116374.3
2024-03-04,116172.3
2024-03-05,116444.3
2024-03-06,116566.5
2024-03-07,116447.6
2024-03-08,116319.5
2024-03-09,116352.7
2024-03-10,116419.3
2024-03-11,116428.5
2024-03-12,116460.1
2024-03-13,116781.1
2024-03-14,116968.8
2024-03-15,116970.3
2024-03-16,117127.4
2024-03-17,116869.9
2024-03-18,116910.2
2024-03-19,117244.3
2024-03-20,117152.8
2024-03-21,116928.3
2024-03-22,116743.4
2024-03-23,116465.8
2024-03-24,116250.7
2024-03-25,116120.8
2024-03-26,115773.9
2024-03-27,115722.0
2024-03-28,115853.6
2024-03-29,115606.8
2024-03-30,115864.0
2024-03-31,115909.9
2024-04-01,116062.4
2024-04-02,115862.7
2024-04-03,115976.1
2024-04-04,115684.0
2024-04-05,115802.2
2024-04-06,115770.2
2024-04-07,115816.0
2024-04-08,115502.6
2024-04-09,115246.4
2024-04-10,115298.1
2024-04-11,115029.1
2024-04-12,115050.9
2024-04-13,114693.8
2024-04-14,114793.1
2024-04-15,114462.3
2024-04-16,114498.6
2024-04-17,114548.9
2024-04-18,114326.2
2024-04-19,114365.7
2024-04-20,114338.1
2024-04-21,114145.7
2024-04-22,113856.2
2024-04-23,113370.8
2024-04-24,113358.8
2024-04-25,112954.3
2024-04-26,112889.0
2024-04-27,112749.8
2024-04-28,112802.5
2024-04-29,112654.3
2024-04-30,112499.9
2024-05-01,112561.4
2024-05-02,112541.4
2024-05-03,112516.9
2024-05-04,112523.0
2024-05-05,112121.4
2024-05-06,112185.0
2024-05-07,112218.8
2024-05-08,111922.0
2024-05-09,111781.6
2024-05-10,111682.4
2024-05-11,111563.8
2024-05-12,111539.5
2024-05-13,111736.3
2024-05-14,111862.1
2024-05-15,111505.1
2024-05-16,111537.7
2024-05-17,111712.2
2024-05-18,111696.9
2024-05-19,111822.8
2024-05-20,112133.1
2024-05-21,112244.6
2024-05-22,112200.8
2024-05-23,112316.2
2024-05-24,112251.4
2024-05-25,112162.5
2024-05-26,111998.9
2024-05-27,112217.5
2024-05-28,111961.2
2024-05-29,112173.4
2024-05-30,112180.0
2024-05-31,111809.3
2024-06-01,111790.3
2024-06-02,111281.8
2024-06-03,111314.9
2024-06-04,111399.6
2024-06-05,111192.0
2024-06-06,111126.7
2024-06-07,111423.6
2024-06-08,111234.7
2024-06-09,110937.3
2024-06-10,111141.8
2024-06-11,111441.2
2024-06-12,111355.0
2024-06-13,111467.7
2024-06-14,111645.7
2024-06-15,111414.7
2024-06-16,111235.2
2024-06-17,111393.1
2024-06-18,111640.5
2024-06-19,111668.5
2024-06-20,111414.9
2024-06-21,111722.9
2024-06-22,111539.4
2024-06-23,111395.2
2024-06-24,111384.2
2024-06-25,111610.4
2024-06-26,111700.7
2024-06-27,111706.4
2024-06-28,111722.4
2024-06-29,111657.8
2024-06-30,111694.3
2024-07-01,111132.1
2024-07-02,111005.1
2024-07-03,110983.7
2024-07-04,110693.4
2024-07-05,110702.5
2024-07-06,110598.4
2024-07-07,110874.8
2024-07-08,111116.8
2024-07-09,110965.7
2024-07-10,110876.8
2024-07-11,110804.2
2024-07-12,110660.0
2024-07-13,110642.0
2024-07-14,110441.6
2024-07-15,110171.0
2024-07-16,110239.7
2024-07-17,110311.0
2024-07-18,110107.8
2024-07-19,110233.1
2024-07-20,110066.1
2024-07-21,110070.8
2024-07-22,110185.9
2024-07-23,110138.4
2024-07-24,110186.2
2024-07-25,110049.1
2024-07-26,109975.0
2024-07-27,109900.7
2024-07-28,109724.4
2024-07-29,109658.9
2024-07-30,109332.2
2024-07-31,109209.8
2024-08-01,109128.7
2024-08-02,109054.6
2024-08-03,108985.0
2024-08-04,108951.5
2024-08-05,109023.2
2024-08-06,109172.1
2024-08-07,109031.0
2024-08-08,108785.8
2024-08-09,108573.1
2024-08-10,108468.2
2024-08-11,108390.9
2024-08-12,108235.3
2024-08-13,107980.8
2024-08-14,107888.7
2024-08-15,107920.1
2024-08-16,108032.3
2024-08-17,107925.8
2024-08-18,107848.6
2024-08-19,107674.9
2024-08-20,107674.0
2024-08-21,107518.6
2024-08-22,107636.6
2024-08-23,107305.2
2024-08-24,107248.2
2024-08-25,107319.3
2024-08-26,107369.6
2024-08-27,107901.7
2024-08-28,107987.2
2024-08-29,107815.2
2024-08-30,107818.7
2024-08-31,107502.0
2024-09-01,107511.6
2024-09-02,107378.6
2024-09-03,107582.2
2024-09-04,107506.8
2024-09-05,107515.8
2024-09-06,107426.9
2024-09-07,107795.2
2024-09-08,107769.8
2024-09-09,108159.5
2024-09-10,108355.4
2024-09-11,108489.1
2024-09-12,108602.7
2024-09-13,108722.7
2024-09-14,108397.7
2024-09-15,108391.2
2024-09-16,108602.6
2024-09-17,108643.4
2024-09-18,108424.2
2024-09-19,108467.1
2024-09-20,108850.3
2024-09-21,109147.0
2024-09-22,109192.5
2024-09-23,109435.3
2024-09-24,109424.9
2024-09-25,109157.0
2024-09-26,109040.9
2024-09-27,109407.7
2024-09-28,109420.2
2024-09-29,109439.9
2024-09-30,109449.8
2024-10-01,109888.8
2024-10-02,110275.5
2024-10-03,110779.0
2024-10-04,110821.7
2024-10-05,110954.1
2024-10-06,110734.7
2024-10-07,111099.6
2024-10-08,110950.1
2024-10-09,111071.6
2024-10-10,110937.6
2024-10-11,110903.6
2024-10-12,110822.0
2024-10-13,110786.0
2024-10-14,110764.2
2024-10-15,110741.5
2024-10-16,110990.6
2024-10-17,110860.3
2024-10-18,110990.9
2024-10-19,111318.7
2024-10-20,111306.9
2024-10-21,111255.4
2024-10-22,111300.5
2024-10-23,111624.6
2024-10-24,111755.2
2024-10-25,111743.1
2024-10-26,111932.4
2024-10-27,111808.3
2024-10-28,112038.0
2024-10-29,112214.4
2024-10-30,112249.3
2024-10-31,112179.2
2024-11-01,112099.7
2024-11-02,112303.3
2024-11-03,112645.8
2024-11-04,112617.0
2024-11-05,112807.1
2024-11-06,112489.3
2024-11-07,112471.5
2024-11-08,112564.4
2024-11-09,112481.8
2024-11-10,112393.6
2024-11-11,112359.3
2024-11-12,112517.6
2024-11-13,112579.9
2024-11-14,112229.7
2024-11-15,111902.5
2024-11-16,111879.6
2024-11-17,112071.2
2024-11-18,111616.0
2024-11-19,111614.0
2024-11-20,111606.4
2024-11-21,111986.0
2024-11-22,112006.7
2024-11-23,112183.0
2024-11-24,112310.1
2024-11-25,111975.7
2024-11-26,112229.6
2024-11-27,112371.1
2024-11-28,112572.0
2024-11-29,113469.4
2024-11-30,113141.8
2024-12-01,113590.8
2024-12-02,113628.8
2024-12-03,113783.9
2024-12-04,113870.5
2024-12-05,113879.1
2024-12-06,113857.1
2024-12-07,114019.0
2024-12-08,113801.2
2024-12-09,114048.4
2024-12-10,114055.3
2024-12-11,113914.5
2024-12-12,113912.7
2024-12-13,114262.1
2024-12-14,114241.4
2024-12-15,114404.3
2024-12-16,114341.4
2024-12-17,114585.4
2024-12-18,114813.9
2024-12-19,115282.7
2024-12-20,115331.6
2024-12-21,115554.8
2024-12-22,115658.7
2024-12-23,116010.6
2024-12-24,115943.1
2024-12-25,116178.9
2024-12-26,116218.3
2024-12-27,116283.8
2024-12-28,116380.8
2024-12-29,116510.1
2024-12-30,116561.6
2024-12-31,116681.0
2025-01-01,117084.3
2025-01-02,117362.9
2025-01-03,117616.2
2025-01-04,117591.2
2025-01-05,117474.0
2025-01-06,117741.9
2025-01-07,117992.3
2025-01-08,118366.7
2025-01-09,118304.1
2025-01-10,118318.8
2025-01-11,118035.7
2025-01-12,118013.1
2025-01-13,118281.3
2025-01-14,118240.4
2025-01-15,118431.1
2025-01-16,118445.4
2025-01-17,118566.7
2025-01-18,118376.3
2025-01-19,118444.3
2025-01-20,117861.5
2025-01-21,117868.9
2025-01-22,117569.8
2025-01-23,117868.2
2025-01-24,118074.8
2025-01-25,118214.2
2025-01-26,118575.2
2025-01-27,118412.2
2025-01-28,118818.1
2025-01-29,119050.2
2025-01-30,119033.2
2025-01-31,119305.3
2025-02-01,119100.8
2025-02-02,118954.4
2025-02-03,118852.0
2025-02-04,118764.8
2025-02-05,118564.0
2025-02-06,118845.0
2025-02-07,118810.1
2025-02-08,118903.3
2025-02-09,118798.9
2025-02-10,118427.6
2025-02-11,118498.2
2025-02-12,118103.9
2025-02-13,118099.3
2025-02-14,117817.1
2025-02-15,118245.6
2025-02-16,118444.1
2025-02-17,118469.8
2025-02-18,118739.8
2025-02-19,118560.0
2025-02-20,118673.7
2025-02-21,118712.7
2025-02-22,118763.7
2025-02-23,119027.1
2025-02-24,119174.2
2025-02-25,119225.4
2025-02-26,118862.4
2025-02-27,118645.2
2025-02-28,118604.2
2025-03-01,118607.3
2025-03-02,118349.2
2025-03-03,118840.9
2025-03-04,119140.8
2025-03-05,119245.2
2025-03-06,119235.5
2025-03-07,119164.0
2025-03-08,118934.1
2025-03-09,118920.8
2025-03-10,118944.1
2025-03-11,118648.4
2025-03-12,118684.8
2025-03-13,118616.0
2025-03-14,118175.0
2025-03-15,117954.2
2025-03-16,117826.5
2025-03-17,118183.6
2025-03-18,118257.8
2025-03-19,117930.9
2025-03-20,117987.3
2025-03-21,117613.1
2025-03-22,117792.4
2025-03-23,117642.6
2025-03-24,117571.0
2025-03-25,117797.0
2025-03-26,117471.3
2025-03-27,117121.4
2025-03-28,116941.6
2025-03-29,117101.5
2025-03-30,116722.5
2025-03-31,116067.0
2025-04-01,115910.5
2025-04-02,115963.3
2025-04-03,116150.7
2025-04-04,115988.1
2025-04-05,115835.3
2025-04-06,116009.1
2025-04-07,115549.0
2025-04-08,115397.9
2025-04-09,115366.8
2025-04-10,115388.6
2025-04-11,115209.2
2025-04-12,115142.4
2025-04-13,114548.9
2025-04-14,114336.2
2025-04-15,114354.1
2025-04-16,114072.4
2025-04-17,114006.5
2025-04-18,114020.2
2025-04-19,113869.2
2025-04-20,113823.8
2025-04-21,113542.7
2025-04-22,113417.8
2025-04-23,113461.2
2025-04-24,113410.0
2025-04-25,113204.4
2025-04-26,113165.8
2025-04-27,113227.6
2025-04-28,112718.6
2025-04-29,112870.8
2025-04-30,112714.2
2025-05-01,112713.9
2025-05-02,112871.6
2025-05-03,112500.8
2025-05-04,112266.0
2025-05-05,112117.2
2025-05-06,111866.7
2025-05-07,112131.7
2025-05-08,111865.6
2025-05-09,111661.1
2025-05-10,111611.7
2025-05-11,111275.0
2025-05-12,111102.8
2025-05-13,111075.9
2025-05-14,110916.3
2025-05-15,110805.4
2025-05-16,110605.9
2025-05-17,110206.4
2025-05-18,110179.8
2025-05-19,110443.6
2025-05-20,110355.1
2025-05-21,110308.5
2025-05-22,110356.4
2025-05-23,110007.8
2025-05-24,110259.6
2025-05-25,110208.4
2025-05-26,110445.3
2025-05-27,110205.8
2025-05-28,110479.9
2025-05-29,110544.0
2025-05-30,110563.6
2025-05-31,110519.3
2025-06-01,110378.5
2025-06-02,110528.4
2025-06-03,110466.1
2025-06-04,109982.7
2025-06-05,109670.2
2025-06-06,109544.5
2025-06-07,109518.4
2025-06-08,109419.5
2025-06-09,109575.4
2025-06-10,109100.4
2025-06-11,109043.3
2025-06-12,108596.9
2025-06-13,108663.6
2025-06-14,108561.3
2025-06-15,108561.7
2025-06-16,108308.4
2025-06-17,108480.4
2025-06-18,108605.8
2025-06-19,108641.1
2025-06-20,108536.3
2025-06-21,108572.4
2025-06-22,108355.4
2025-06-23,108447.4
2025-06-24,108696.6
2025-06-25,108832.3
2025-06-26,108614.6
2025-06-27,108612.6
2025-06-28,108286.5
2025-06-29,108328.0
2025-06-30,108346.6
2025-07-01,107911.1
2025-07-02,107616.0
2025-07-03,107494.4
2025-07-04,107370.5
2025-07-05,107070.1
2025-07-06,107083.7
2025-07-07,107071.5
2025-07-08,106973.5
2025-07-09,106767.2
2025-07-10,106914.2
2025-07-11,107180.6
2025-07-12,107031.2
2025-07-13,106858.2
2025-07-14,106901.4
2025-07-15,106780.7
2025-07-16,106703.9
2025-07-17,106799.3
2025-07-18,106381.4
2025-07-19,106592.1
2025-07-20,106562.1
2025-07-21,106439.7
2025-07-22,106381.2
2025-07-23,106334.3
2025-07-24,105960.6
2025-07-25,106213.7
2025-07-26,106186.6
2025-07-27,106238.7
2025-07-28,106390.8
2025-07-29,106162.6
2025-07-30,106225.1
2025-07-31,106145.9
2025-08-01,106283.7
2025-08-02,105848.1
2025-08-03,105806.3
2025-08-04,105668.7
2025-08-05,105732.7
2025-08-06,105805.6
2025-08-07,105652.7
2025-08-08,105500.5
2025-08-09,105466.1
2025-08-10,105281.6
2025-08-11,105434.4
2025-08-12,105355.0
2025-08-13,104787.3
2025-08-14,104710.2
2025-08-15,104506.5
2025-08-16,104190.1
2025-08-17,103951.3
2025-08-18,103974.1
2025-08-19,104233.9
2025-08-20,104299.3
2025-08-21,104188.7
2025-08-22,104284.9
2025-08-23,104206.1
2025-08-24,104083.4
2025-08-25,103873.5
2025-08-26,103549.7
2025-08-27,103490.6
2025-08-28,103538.8
2025-08-29,103539.5
2025-08-30,103480.0
2025-08-31,103319.6
2025-09-01,103461.3
2025-09-02,103232.1
2025-09-03,103409.4
2025-09-04,103244.1
2025-09-05,103128.6
2025-09-06,102876.2
2025-09-07,102812.2
2025-09-08,103035.8
2025-09-09,103171.9
2025-09-10,103399.3
2025-09-11,103539.8
2025-09-12,103366.3
2025-09-13,103344.2
2025-09-14,103236.2
2025-09-15,103539.7
2025-09-16,103353.5
2025-09-17,103575.0
2025-09-18,103798.0
2025-09-19,104204.9
2025-09-20,104177.3
2025-09-21,104369.7
2025-09-22,104869.6
2025-09-23,104805.7
2025-09-24,104563.9
2025-09-25,104255.7
2025-09-26,104455.0
2025-09-27,104148.2
2025-09-28,104137.8
2025-09-29,104287.0
2025-09-30,104388.1
2025-10-01,104537.6
2025-10-02,104648.5
2025-10-03,104967.9
2025-10-04,104850.7
2025-10-05,104788.4
2025-10-06,104708.3
2025-10-07,104944.4
2025-10-08,105195.6
2025-10-09,105359.6
2025-10-10,105669.2
2025-10-11,105514.0
2025-10-12,105921.4
2025-10-13,106301.8
2025-10-14,106527.8
2025-10-15,106962.0
2025-10-16,106716.5
2025-10-17,106695.8
2025-10-18,106633.9
2025-10-19,106861.9
2025-10-20,106738.8
2025-10-21,106975.7
2025-10-22,107335.6
2025-10-23,107562.1
2025-10-24,107707.5
2025-10-25,107599.9
2025-10-26,107520.8
2025-10-27,107861.1
2025-10-28,108108.3
2025-10-29,108192.4
2025-10-30,108201.2
2025-10-31,107887.9
2025-11-01,107766.0
2025-11-02,108243.4
2025-11-03,108080.0
2025-11-04,108212.5
2025-11-05,108510.1
2025-11-06,108352.3
2025-11-07,108485.0
2025-11-08,108770.1
2025-11-09,108868.7
2025-11-10,109545.4
2025-11-11,109304.5
2025-11-12,109616.1
2025-11-13,109678.3
2025-11-14,109932.4
2025-11-15,110119.7
2025-11-16,110068.4
2025-11-17,110212.7
2025-11-18,109931.9
2025-11-19,110152.3
2025-11-20,110310.6
2025-11-21,110538.6
2025-11-22,110852.4
2025-11-23,111025.2
2025-11-24,111153.0
2025-11-25,111069.6
2025-11-26,111020.4
2025-11-27,111360.7
2025-11-28,111752.5
2025-11-29,111799.9
2025-11-30,111905.5
2025-12-01,111814.8
2025-12-02,112152.0
2025-12-03,112384.4
2025-12-04,112880.2
2025-12-05,112793.2
2025-12-06,112808.9
2025-12-07,112950.2
2025-12-08,113177.1
2025-12-09,113224.8
2025-12-10,113135.3
2025-12-11,113409.5
2025-12-12,113650.0
2025-12-13,113549.2
2025-12-14,113920.7
2025-12-15,114253.2
2025-12-16,114369.3
2025-12-17,114473.2
2025-12-18,114675.5
2025-12-19,114581.0
2025-12-20,114672.1
2025-12-21,114305.2
2025-12-22,114571.6
2025-12-23,114326.0
2025-12-24,114722.2
2025-12-25,114732.8
2025-12-26,114767.3
2025-12-27,114713.1
2025-12-28,114729.3
2025-12-29,115103.6
2025-12-30,114654.2
2025-12-31,114996.7
2026-01-01,115140.4
2026-01-02,114956.9
2026-01-03,114799.7
2026-01-04,115222.7
2026-01-05,115090.4
2026-01-06,114912.6
2026-01-07,115218.4
2026-01-08,115353.9
2026-01-09,115217.7
2026-01-10,115324.9
2026-01-11,115167.1
2026-01-12,115459.3
2026-01-13,115742.0
2026-01-14,115911.1
2026-01-15,116042.7
2026-01-16,116470.6
2026-01-17,116522.6
2026-01-18,116321.7
2026-01-19,116466.5
2026-01-20,116958.7
2026-01-21,116788.8
2026-01-22,116756.5
2026-01-23,116888.7
2026-01-24,116919.0
2026-01-25,116749.7
2026-01-26,117027.9
2026-01-27,117560.8
2026-01-28,117638.5
2026-01-29,117479.6
2026-01-30,117181.1
2026-01-31,117267.3
2026-02-01,117532.8
2026-02-02,117662.4
2026-02-03,117688.1
2026-02-04,117586.7
2026-02-05,117375.9
2026-02-06,117576.0
2026-02-07,117791.5
2026-02-08,117478.5
2026-02-09,117835.6
2026-02-10,117973.4
2026-02-11,118286.6
2026-02-12,118010.5
2026-02-13,117727.8
2026-02-14,117704.1
2026-02-15,117818.4
2026-02-16,118208.3
2026-02-17,118362.9
2026-02-18,118312.5
2026-02-19,118092.4
2026-02-20,118354.4
2026-02-21,118144.2
2026-02-22,118488.1
2026-02-23,118420.4
2026-02-24,118752.9
2026-02-25,118888.3
2026-02-26,118847.2
2026-02-27,118722.5
2026-02-28,118634.4
2026-03-01,118709.4
2026-03-02,118707.6
2026-03-03,118560.5
2026-03-04,118503.4
2026-03-05,118497.0
2026-03-06,118016.7
2026-03-07,118088.4
2026-03-08,117850.9
2026-03-09,117574.8
2026-03-10,117183.1
2026-03-11,116767.3
2026-03-12,116443.9
2026-03-13,116257.1
2026-03-14,116637.5
2026-03-15,116486.9
2026-03-16,116485.0
2026-03-17,116529.1
2026-03-18,116514.2
2026-03-19,116453.5
2026-03-20,116153.1
2026-03-21,116415.1
2026-03-22,116751.3
2026-03-23,116343.2
2026-03-24,116074.0
2026-03-25,115962.0
2026-03-26,115703.1
2026-03-27,115755.4
2026-03-28,115544.4
2026-03-29,115946.1
2026-03-30,116139.4
2026-03-31,116123.9
2026-04-01,116279.6
2026-04-02,116450.6
2026-04-03,116266.8
2026-04-04,116028.5
2026-04-05,115978.3
2026-04-06,116092.5
2026-04-07,116052.8
2026-04-08,115649.8
2026-04-09,115409.4
2026-04-10,115321.8
2026-04-11,115232.8
2026-04-12,115574.0
2026-04-13,115207.1
2026-04-14,115237.3
2026-04-15,115473.1
2026-04-16,115871.7
2026-04-17,115707.4
2026-04-18,115730.2
2026-04-19,115768.4
2026-04-20,115727.2
2026-04-21,115623.6
2026-04-22,115631.0
2026-04-23,115017.6
2026-04-24,115075.1
2026-04-25,115015.7
2026-04-26,114883.0
2026-04-27,115222.4
2026-04-28,114994.0
2026-04-29,114821.8
2026-04-30,115146.8
2026-05-01,114884.3
2026-05-02,114680.0
2026-05-03,114559.0
2026-05-04,114642.2
2026-05-05,114593.7
2026-05-06,114234.4
2026-05-07,114032.3
2026-05-08,113814.6
2026-05-09,113706.1
2026-05-10,113701.0
2026-05-11,113693.9
2026-05-12,113234.9
2026-05-13,113360.3
2026-05-14,113318.5
2026-05-15,113508.8
2026-05-16,113505.6
2026-05-17,113636.8
2026-05-18,113637.7
2026-05-19,113818.3
2026-05-20,113830.0
2026-05-21,113714.9
2026-05-22,114083.7
2026-05-23,114169.6
2026-05-24,114191.2
2026-05-25,113836.0
2026-05-26,113479.0
2026-05-27,113444.0
2026-05-28,113379.3
2026-05-29,113160.6
2026-05-30,113095.4
2026-05-31,113323.8
2026-06-01,113371.3
2026-06-02,113047.4
2026-06-03,112932.4
2026-06-04,112677.9
2026-06-05,112508.2
2026-06-06,112334.0
2026-06-07,112147.5
2026-06-08,111805.2
2026-06-09,111690.6
2026-06-10,111489.7
2026-06-11,110813.9
2026-06-12,111139.3
2026-06-13,111271.4
2026-06-14,111110.5
2026-06-15,111029.4
2026-06-16,110711.0
2026-06-17,110966.8
2026-06-18,111263.2
2026-06-19,111212.4
2026-06-20,111335.4
2026-06-21,111289.9
2026-06-22,110944.2
2026-06-23,110783.8
2026-06-24,110732.6
2026-06-25,110565.8
2026-06-26,110447.0
2026-06-27,110354.6
2026-06-28,110265.3
2026-06-29,110203.4
2026-06-30,109922.3
2026-07-01,109710.5
2026-07-02,109387.8
2026-07-03,109513.8
2026-07-04,109031.5
2026-07-05,109194.5
2026-07-06,109404.3
2026-07-07,109282.1
2026-07-08,108707.6
2026-07-09,108576.6
2026-07-10,108505.5
2026-07-11,108249.5
2026-07-12,108092.4
2026-07-13,108338.8
2026-07-14,108416.3
2026-07-15,108182.9
2026-07-16,107818.9
2026-07-17,107705.9
2026-07-18,107616.7
2026-07-19,107668.0
2026-07-20,107518.6
2026-07-21,107575.8
2026-07-22,107913.1
2026-07-23,108032.5
2026-07-24,107984.3
2026-07-25,107911.2
2026-07-26,107805.7
2026-07-27,108002.4
2026-07-28,107847.1
2026-07-29,107824.8
2026-07-30,107805.3
2026-07-31,107679.4
2026-08-01,107385.2
2026-08-02,107423.6
2026-08-03,107388.7
2026-08-04,107464.8
2026-08-05,107340.9
2026-08-06,107560.8
2026-08-07,107373.3
2026-08-08,107692.1
2026-08-09,107338.1
2026-08-10,107411.2
2026-08-11,107493.9
2026-08-12,107330.6
2026-08-13,107406.6
2026-08-14,107651.0
2026-08-15,107215.7
2026-08-16,107312.1
2026-08-17,106826.3
2026-08-18,106639.8
2026-08-19,106960.6
2026-08-20,106852.3
2026-08-21,106630.3
2026-08-22,106600.0
2026-08-23,107013.1
2026-08-24,106667.8
2026-08-25,106476.1
2026-08-26,106783.0
2026-08-27,107161.9
2026-08-28,107160.1
2026-08-29,106938.4
2026-08-30,107368.9
2026-08-31,107703.4
2026-09-01,107860.9
2026-09-02,107729.0
2026-09-03,107747.7
2026-09-04,107746.2
2026-09-05,107842.3
2026-09-06,108159.1
2026-09-07,108365.8
2026-09-08,108191.5
2026-09-09,108498.7
2026-09-10,108599.6
2026-09-11,108775.3
2026-09-12,109105.4
2026-09-13,108932.0
2026-09-14,108970.8
2026-09-15,108913.9
2026-09-16,108655.1
2026-09-17,108773.3
2026-09-18,109318.3
2026-09-19,109010.1
2026-09-20,109058.4
2026-09-21,109240.4
2026-09-22,109322.2
2026-09-23,109358.9
2026-09-24,109163.2
2026-09-25,109270.6
2026-09-26,109184.2
2026-09-27,108816.2
2026-09-28,109117.3
2026-09-29,109373.3
2026-09-30,109451.5
2026-10-01,109566.1
2026-10-02,109849.3
2026-10-03,109965.6
2026-10-04,110217.9
2026-10-05,110233.2
2026-10-06,110569.2
2026-10-07,110709.7
2026-10-08,110826.2
2026-10-09,110652.6
2026-10-10,110789.7
2026-10-11,110705.0
2026-10-12,110659.7
2026-10-13,110579.8
2026-10-14,110450.6
2026-10-15,110959.7
2026-10-16,111311.6
2026-10-17,111782.8
2026-10-18,111625.9
2026-10-19,111728.8
2026-10-20,111558.8
2026-10-21,111509.2
2026-10-22,111415.5
2026-10-23,111756.1
2026-10-24,111768.6
2026-10-25,112076.7
2026-10-26,112292.2
2026-10-27,112851.5
2026-10-28,112648.3
2026-10-29,112998.6
2026-10-30,113327.1
2026-10-31,113227.4
2026-11-01,113529.1
2026-11-02,113695.6
2026-11-03,113748.3
2026-11-04,113680.1
2026-11-05,113633.4
2026-11-06,114150.3
2026-11-07,114250.8
2026-11-08,114511.0
2026-11-09,114450.7
2026-11-10,114392.7
2026-11-11,114715.2
2026-11-12,114540.8
2026-11-13,114557.4
2026-11-14,114666.1
2026-11-15,114790.7
2026-11-16,114855.8
2026-11-17,115039.1
2026-11-18,115283.6
2026-11-19,115537.0
2026-11-20,115436.0
2026-11-21,115479.4
2026-11-22,115827.8
2026-11-23,116114.5
2026-11-24,115932.5
2026-11-25,116106.7
2026-11-26,115798.2
2026-11-27,115908.6
2026-11-28,116402.9
2026-11-29,116306.5
2026-11-30,116233.0
2026-12-01,116491.4
2026-12-02,116269.3
2026-12-03,116235.9
2026-12-04,116458.3
2026-12-05,116423.4
2026-12-06,116471.1
2026-12-07,116723.1
2026-12-08,116907.2
2026-12-09,117058.5
2026-12-10,117082.3
2026-12-11,117254.1
2026-12-12,117321.7
2026-12-13,117510.7
2026-12-14,117498.4
2026-12-15,117551.4
2026-12-16,117433.4
2026-12-17,117515.7
2026-12-18,117433.4
2026-12-19,117286.0
2026-12-20,117427.4
2026-12-21,117558.2
2026-12-22,117808.8
2026-12-23,117801.7
2026-12-24,117971.3
2026-12-25,118170.3
2026-12-26,118345.9
2026-12-27,118250.9
2026-12-28,118361.7
2026-12-29,118517.1
2026-12-30,118595.6
2026-12-31,118227.3
